timestamp,total_memory_mb,available_memory_mb,used_memory_mb,percent_memory
2024-06-18 11:16:13,5853.63,1293.72,4240.16,77.90
2024-06-18 11:16:18,5853.63,1288.58,4245.35,78.00
2024-06-18 11:16:23,5853.63,1287.45,4246.48,78.00
2024-06-18 11:16:28,5853.63,1307.00,4226.90,77.70
2024-06-18 11:16:33,5853.63,1307.05,4226.89,77.70
2024-06-18 11:16:38,5853.63,1306.81,4227.13,77.70
2024-06-18 11:16:43,5853.63,1306.84,4227.11,77.70
2024-06-18 11:16:48,5853.63,1319.77,4214.17,77.50
2024-06-18 11:16:53,5853.63,1319.12,4214.82,77.50
2024-06-18 11:16:58,5853.63,1319.13,4214.82,77.50
2024-06-18 11:17:03,5853.63,1350.74,4183.16,76.90
2024-06-18 11:17:08,5853.63,1350.07,4183.86,76.90
2024-06-18 11:17:13,5853.63,1350.09,4183.85,76.90
2024-06-18 11:17:18,5853.63,1349.86,4184.09,76.90
2024-06-18 11:17:23,5853.63,1346.94,4187.00,77.00
2024-06-18 11:17:28,5853.63,1346.96,4186.99,77.00
2024-06-18 11:17:33,5853.63,1346.74,4187.21,77.00
2024-06-18 11:17:38,5853.63,1345.80,4188.14,77.00
2024-06-18 11:17:43,5853.63,1343.66,4190.29,77.00
2024-06-18 11:17:48,5853.63,1343.39,4190.54,77.10
2024-06-18 11:17:53,5853.63,1343.40,4190.54,77.10
2024-06-18 11:17:58,5853.63,1343.40,4190.54,77.10
2024-06-18 11:18:03,5853.63,1343.40,4190.54,77.10
2024-06-18 11:18:08,5853.63,1343.40,4190.54,77.10
2024-06-18 11:18:13,5853.63,1341.85,4192.10,77.10
2024-06-18 11:18:18,5853.63,1341.85,4192.09,77.10
2024-06-18 11:18:23,5853.63,1341.86,4192.09,77.10
2024-06-18 11:18:28,5853.63,1341.86,4192.09,77.10
2024-06-18 11:18:33,5853.63,1341.86,4192.08,77.10
2024-06-18 11:18:38,5853.63,1341.87,4192.07,77.10
2024-06-18 11:18:43,5853.63,1341.56,4192.37,77.10
2024-06-18 11:18:48,5853.63,1341.57,4192.37,77.10
2024-06-18 11:18:53,5853.63,1341.57,4192.37,77.10
2024-06-18 11:18:58,5853.63,1341.58,4192.36,77.10
2024-06-18 11:19:03,5853.63,1341.58,4192.36,77.10
2024-06-18 11:19:08,5853.63,1341.58,4192.36,77.10
2024-06-18 11:19:13,5853.63,1341.58,4192.36,77.10
2024-06-18 11:19:18,5853.63,1341.44,4192.50,77.10
2024-06-18 11:19:23,5853.63,1341.45,4192.50,77.10
2024-06-18 11:19:28,5853.63,1341.45,4192.50,77.10
2024-06-18 11:19:33,5853.63,1341.46,4192.49,77.10
2024-06-18 11:19:38,5853.63,1341.46,4192.48,77.10
2024-06-18 11:19:43,5853.63,1352.76,4181.16,76.90
2024-06-18 11:19:48,5853.63,1352.50,4181.44,76.90
2024-06-18 11:19:53,5853.63,1352.29,4181.65,76.90
2024-06-18 11:19:58,5853.63,1352.32,4181.62,76.90
2024-06-18 11:20:03,5853.63,1352.32,4181.62,76.90
2024-06-18 11:20:08,5853.63,1352.32,4181.62,76.90
2024-06-18 11:20:13,5853.63,1352.33,4181.62,76.90
2024-06-18 11:20:18,5853.63,1352.33,4181.62,76.90
2024-06-18 11:20:23,5853.63,1352.55,4181.40,76.90
2024-06-18 11:20:28,5853.63,1352.30,4181.64,76.90
2024-06-18 11:20:33,5853.63,1352.31,4181.64,76.90
2024-06-18 11:20:38,5853.63,1354.31,4179.64,76.90
2024-06-18 11:20:43,5853.63,1354.31,4179.61,76.90
2024-06-18 11:20:48,5853.63,1354.42,4179.50,76.90
2024-06-18 11:20:53,5853.63,1354.56,4179.37,76.90
2024-06-18 11:20:58,5853.63,1354.58,4179.36,76.90
2024-06-18 11:21:03,5853.63,1354.60,4179.35,76.90
2024-06-18 11:21:08,5853.63,1354.84,4179.10,76.90
2024-06-18 11:21:13,5853.63,1354.84,4179.10,76.90
2024-06-18 11:21:18,5853.63,1354.85,4179.09,76.90
2024-06-18 11:21:23,5853.63,1354.85,4179.09,76.90
2024-06-18 11:21:28,5853.63,1354.82,4179.08,76.90
2024-06-18 11:21:33,5853.63,1354.98,4178.97,76.90
2024-06-18 11:21:38,5853.63,1354.99,4178.95,76.90
2024-06-18 11:21:43,5853.63,1355.01,4178.94,76.90
2024-06-18 11:21:48,5853.63,1355.15,4178.79,76.80
2024-06-18 11:21:53,5853.63,1355.10,4178.85,76.90
2024-06-18 11:21:58,5853.63,1355.25,4178.69,76.80
2024-06-18 11:22:03,5853.63,1355.23,4178.71,76.80
2024-06-18 11:22:08,5853.63,1355.23,4178.71,76.80
2024-06-18 11:22:13,5853.63,1354.99,4178.96,76.90
2024-06-18 11:22:18,5853.63,1354.78,4179.17,76.90
2024-06-18 11:22:23,5853.63,1354.78,4179.16,76.90
2024-06-18 11:22:28,5853.63,1354.80,4179.14,76.90
2024-06-18 11:22:33,5853.63,1354.62,4179.27,76.90
2024-06-18 11:22:38,5853.63,1354.68,4179.26,76.90
2024-06-18 11:22:43,5853.63,1354.71,4179.24,76.90
2024-06-18 11:22:48,5853.63,1354.71,4179.24,76.90
2024-06-18 11:22:53,5853.63,1354.71,4179.23,76.90
2024-06-18 11:22:58,5853.63,1384.04,4149.89,76.40
2024-06-18 11:23:03,5853.63,1383.60,4150.35,76.40
2024-06-18 11:23:08,5853.63,1383.61,4150.34,76.40
2024-06-18 11:23:13,5853.63,1383.62,4150.34,76.40
2024-06-18 11:23:18,5853.63,1383.40,4150.55,76.40
2024-06-18 11:23:23,5853.63,1383.41,4150.55,76.40
2024-06-18 11:23:28,5853.63,1383.41,4150.55,76.40
2024-06-18 11:23:33,5853.63,1383.29,4150.66,76.40
2024-06-18 11:23:38,5853.63,1383.30,4150.65,76.40
2024-06-18 11:23:43,5853.63,1383.14,4150.81,76.40
2024-06-18 11:23:48,5853.63,1381.67,4152.28,76.40
2024-06-18 11:23:53,5853.63,1381.53,4152.55,76.40
2024-06-18 11:23:58,5853.63,1381.33,4152.37,76.40
2024-06-18 11:24:03,5853.63,1381.14,4152.54,76.40
2024-06-18 11:24:08,5853.63,1381.18,4152.53,76.40
2024-06-18 11:24:13,5853.63,1381.18,4152.52,76.40
2024-06-18 11:24:18,5853.63,1381.18,4152.52,76.40
2024-06-18 11:24:23,5853.63,1378.73,4154.96,76.40
2024-06-18 11:24:28,5853.63,1371.20,4162.50,76.60
2024-06-18 11:24:33,5853.63,1371.22,4162.48,76.60
2024-06-18 11:24:38,5853.63,1369.12,4164.59,76.60
2024-06-18 11:24:43,5853.63,1369.38,4164.32,76.60
2024-06-18 11:24:48,5853.63,1372.34,4161.36,76.60
2024-06-18 11:24:53,5853.63,1372.35,4161.36,76.60
2024-06-18 11:24:58,5853.63,1367.84,4165.92,76.60
2024-06-18 11:25:03,5853.63,1338.20,4195.55,77.10
2024-06-18 11:25:08,5853.63,1338.21,4195.55,77.10
2024-06-18 11:25:13,5853.63,1338.22,4195.54,77.10
2024-06-18 11:25:18,5853.63,1337.97,4195.79,77.10
2024-06-18 11:25:23,5853.63,1337.98,4195.78,77.10
2024-06-18 11:25:28,5853.63,1337.98,4195.78,77.10
2024-06-18 11:25:33,5853.63,1333.61,4200.15,77.20
2024-06-18 11:25:38,5853.63,1333.39,4200.37,77.20
2024-06-18 11:25:43,5853.63,1328.41,4205.48,77.30
2024-06-18 11:25:48,5853.63,1326.57,4207.32,77.30
2024-06-18 11:25:53,5853.63,1317.21,4216.68,77.50
2024-06-18 11:25:58,5853.63,1318.06,4215.83,77.50
2024-06-18 11:26:03,5853.63,1305.74,4228.15,77.70
2024-06-18 11:26:08,5853.63,1307.31,4226.56,77.70
2024-06-18 11:26:13,5853.63,1313.05,4220.81,77.60
2024-06-18 11:26:18,5853.63,1312.57,4221.30,77.60
2024-06-18 11:26:23,5853.63,1308.38,4225.50,77.60
2024-06-18 11:26:28,5853.63,1304.79,4229.08,77.70
2024-06-18 11:26:33,5853.63,1299.80,4234.07,77.80
2024-06-18 11:26:38,5853.63,1296.42,4237.45,77.90
2024-06-18 11:26:43,5853.63,1304.09,4229.78,77.70
2024-06-18 11:26:48,5853.63,1300.54,4233.33,77.80
2024-06-18 11:26:53,5853.63,1298.99,4234.88,77.80
2024-06-18 11:26:58,5853.63,1320.58,4213.29,77.40
2024-06-18 11:27:03,5853.63,1321.61,4212.27,77.40
2024-06-18 11:27:08,5853.63,1317.73,4216.14,77.50
2024-06-18 11:27:13,5853.63,1267.15,4266.55,78.40
2024-06-18 11:27:18,5853.63,1274.44,4259.27,78.20
2024-06-18 11:27:23,5853.63,1338.82,4194.89,77.10
2024-06-18 11:27:28,5853.63,1311.18,4222.53,77.60
2024-06-18 11:27:33,5853.63,1253.80,4279.92,78.60
2024-06-18 11:27:38,5853.63,1250.01,4283.71,78.60
2024-06-18 11:27:43,5853.63,1250.19,4283.52,78.60
2024-06-18 11:27:48,5853.63,1248.30,4285.42,78.70
2024-06-18 11:27:53,5853.63,1248.31,4285.40,78.70
2024-06-18 11:27:58,5853.63,1243.03,4290.68,78.80
2024-06-18 11:28:03,5853.63,1243.29,4290.43,78.80
2024-06-18 11:28:08,5853.63,1243.29,4290.43,78.80
2024-06-18 11:28:13,5853.63,1244.05,4289.66,78.70
2024-06-18 11:28:18,5853.63,1329.20,4204.51,77.30
2024-06-18 11:28:23,5853.63,1328.41,4205.30,77.30
2024-06-18 11:28:28,5853.63,1325.42,4208.25,77.40
2024-06-18 11:28:33,5853.63,1325.00,4208.71,77.40
2024-06-18 11:28:38,5853.63,1324.89,4208.83,77.40
2024-06-18 11:28:43,5853.63,1325.04,4208.67,77.40
2024-06-18 11:28:48,5853.63,1325.04,4208.67,77.40
2024-06-18 11:28:53,5853.63,1325.05,4208.66,77.40
2024-06-18 11:28:58,5853.63,1325.05,4208.66,77.40
2024-06-18 11:29:03,5853.63,1324.30,4209.41,77.40
2024-06-18 11:29:08,5853.63,1322.86,4210.86,77.40
2024-06-18 11:29:13,5853.63,1322.98,4210.77,77.40
2024-06-18 11:29:18,5853.63,1322.57,4211.18,77.40
2024-06-18 11:29:23,5853.63,1322.58,4211.17,77.40
2024-06-18 11:29:28,5853.63,1323.32,4210.43,77.40
2024-06-18 11:29:33,5853.63,1302.90,4230.84,77.70
2024-06-18 11:29:38,5853.63,1304.21,4229.40,77.70
2024-06-18 11:29:43,5853.63,1311.91,4221.71,77.60
2024-06-18 11:29:48,5853.63,1311.70,4221.91,77.60
2024-06-18 11:29:53,5853.63,1311.49,4222.13,77.60
2024-06-18 11:29:58,5853.63,1310.14,4223.47,77.60
2024-06-18 11:30:03,5853.63,1317.04,4216.22,77.50
2024-06-18 11:30:08,5853.63,1314.29,4219.87,77.50
2024-06-18 11:30:13,5853.63,1317.41,4216.80,77.50
2024-06-18 11:30:18,5853.63,1316.63,4217.58,77.50
2024-06-18 11:30:23,5853.63,1320.38,4213.83,77.40
2024-06-18 11:30:28,5853.63,1320.38,4213.82,77.40
2024-06-18 11:30:33,5853.63,1322.28,4211.93,77.40
2024-06-18 11:30:38,5853.63,1328.48,4205.72,77.30
2024-06-18 11:30:43,5853.63,1328.42,4205.79,77.30
2024-06-18 11:30:48,5853.63,1358.34,4175.87,76.80
2024-06-18 11:30:53,5853.63,1358.07,4176.14,76.80
2024-06-18 11:30:58,5853.63,1358.18,4176.02,76.80
2024-06-18 11:31:03,5853.63,1358.55,4175.65,76.80
2024-06-18 11:31:08,5853.63,1357.65,4176.55,76.80
2024-06-18 11:31:13,5853.63,1359.75,4174.46,76.80
2024-06-18 11:31:18,5853.63,1359.30,4174.91,76.80
2024-06-18 11:31:23,5853.63,1360.30,4173.91,76.80
2024-06-18 11:31:28,5853.63,1360.31,4173.90,76.80
2024-06-18 11:31:33,5853.63,1360.32,4173.89,76.80
2024-06-18 11:31:38,5853.63,1360.10,4174.11,76.80
2024-06-18 11:31:43,5853.63,1360.11,4174.09,76.80
2024-06-18 11:31:48,5853.63,1359.19,4175.02,76.80
2024-06-18 11:31:53,5853.63,1359.20,4175.01,76.80
2024-06-18 11:31:58,5853.63,1359.20,4175.00,76.80
2024-06-18 11:32:03,5853.63,1358.96,4175.34,76.80
2024-06-18 11:32:08,5853.63,1358.76,4175.55,76.80
2024-06-18 11:32:13,5853.63,1359.32,4174.99,76.80
2024-06-18 11:32:18,5853.63,1359.00,4175.30,76.80
2024-06-18 11:32:23,5853.63,1358.88,4175.42,76.80
2024-06-18 11:32:28,5853.63,1359.00,4175.31,76.80
2024-06-18 11:32:33,5853.63,1358.47,4175.84,76.80
2024-06-18 11:32:38,5853.63,1357.93,4176.39,76.80
2024-06-18 11:32:43,5853.63,1359.35,4174.96,76.80
2024-06-18 11:32:48,5853.63,1357.61,4176.59,76.80
2024-06-18 11:32:53,5853.63,1347.72,4186.47,77.00
2024-06-18 11:32:58,5853.63,1346.45,4187.71,77.00
2024-06-18 11:33:03,5853.63,1346.13,4188.06,77.00
2024-06-18 11:33:08,5853.63,1346.14,4188.06,77.00
2024-06-18 11:33:13,5853.63,1346.14,4188.05,77.00
2024-06-18 11:33:18,5853.63,1346.40,4187.79,77.00
2024-06-18 11:33:23,5853.63,1346.41,4187.79,77.00
2024-06-18 11:33:28,5853.63,1345.04,4189.16,77.00
2024-06-18 11:33:33,5853.63,1344.95,4189.25,77.00
2024-06-18 11:33:38,5853.63,1344.95,4189.23,77.00
2024-06-18 11:33:43,5853.63,1344.95,4189.22,77.00
2024-06-18 11:33:48,5853.63,1344.98,4189.21,77.00
2024-06-18 11:33:53,5853.63,1345.00,4189.20,77.00
2024-06-18 11:33:58,5853.63,1346.20,4188.00,77.00
2024-06-18 11:34:03,5853.63,1346.21,4187.99,77.00
2024-06-18 11:34:08,5853.63,1346.22,4187.97,77.00
2024-06-18 11:34:13,5853.63,1346.22,4187.96,77.00
2024-06-18 11:34:18,5853.63,1346.26,4187.93,77.00
2024-06-18 11:34:23,5853.63,1346.02,4188.16,77.00
2024-06-18 11:34:28,5853.63,1346.03,4188.16,77.00
2024-06-18 11:34:33,5853.63,1346.03,4188.16,77.00
2024-06-18 11:34:38,5853.63,1353.62,4180.62,76.90
2024-06-18 11:34:43,5853.63,1353.41,4180.84,76.90
2024-06-18 11:34:48,5853.63,1353.19,4181.16,76.90
2024-06-18 11:34:53,5853.63,1353.19,4181.16,76.90
2024-06-18 11:34:58,5853.63,1353.25,4181.09,76.90
2024-06-18 11:35:03,5853.63,1353.27,4181.09,76.90
2024-06-18 11:35:08,5853.63,1351.64,4182.71,76.90
2024-06-18 11:35:13,5853.63,1351.64,4182.71,76.90
2024-06-18 11:35:18,5853.63,1351.65,4182.70,76.90
2024-06-18 11:35:23,5853.63,1351.65,4182.70,76.90
2024-06-18 11:35:28,5853.63,1351.65,4182.70,76.90
2024-06-18 11:35:34,5853.63,1351.66,4182.70,76.90
2024-06-18 11:35:39,5853.63,1351.66,4182.70,76.90
2024-06-18 11:35:44,5853.63,1351.55,4182.80,76.90
2024-06-18 11:35:49,5853.63,1351.55,4182.80,76.90
2024-06-18 11:35:54,5853.63,1351.56,4182.80,76.90
2024-06-18 11:35:59,5853.63,1351.56,4182.79,76.90
2024-06-18 11:36:04,5853.63,1351.57,4182.79,76.90
2024-06-18 11:36:09,5853.63,1351.57,4182.79,76.90
2024-06-18 11:36:14,5853.63,1351.50,4182.85,76.90
2024-06-18 11:36:19,5853.63,1351.51,4182.84,76.90
2024-06-18 11:36:24,5853.63,1351.52,4182.84,76.90
2024-06-18 11:36:29,5853.63,1351.52,4182.83,76.90
2024-06-18 11:36:34,5853.63,1351.53,4182.83,76.90
2024-06-18 11:36:39,5853.63,1351.54,4182.81,76.90
2024-06-18 11:36:44,5853.63,1351.54,4182.80,76.90
2024-06-18 11:36:49,5853.63,1351.50,4182.84,76.90
2024-06-18 11:36:54,5853.63,1351.51,4182.84,76.90
2024-06-18 11:36:59,5853.63,1351.52,4182.84,76.90
2024-06-18 11:37:04,5853.63,1351.52,4182.84,76.90
2024-06-18 11:37:09,5853.63,1351.53,4182.83,76.90
2024-06-18 11:37:14,5853.63,1351.53,4182.82,76.90
2024-06-18 11:37:19,5853.63,1351.53,4182.82,76.90
2024-06-18 11:37:24,5853.63,1351.53,4182.82,76.90
2024-06-18 11:37:29,5853.63,1351.54,4182.82,76.90
2024-06-18 11:37:34,5853.63,1351.54,4182.82,76.90
2024-06-18 11:37:39,5853.63,1351.54,4182.82,76.90
2024-06-18 11:37:44,5853.63,1351.55,4182.80,76.90
2024-06-18 11:37:49,5853.63,1351.55,4182.77,76.90
2024-06-18 11:37:54,5853.63,1351.23,4183.12,76.90
2024-06-18 11:37:59,5853.63,1367.51,4166.84,76.60
2024-06-18 11:38:04,5853.63,1376.76,4157.59,76.50
2024-06-18 11:38:09,5853.63,1382.36,4151.99,76.40
2024-06-18 11:38:14,5853.63,1382.38,4151.98,76.40
2024-06-18 11:38:19,5853.63,1382.38,4151.98,76.40
2024-06-18 11:38:24,5853.63,1382.14,4152.18,76.40
2024-06-18 11:38:29,5853.63,1381.74,4152.61,76.40
2024-06-18 11:38:34,5853.63,1381.75,4152.61,76.40
2024-06-18 11:38:39,5853.63,1381.52,4152.84,76.40
2024-06-18 11:38:44,5853.63,1382.27,4152.07,76.40
2024-06-18 11:38:49,5853.63,1382.28,4152.06,76.40
2024-06-18 11:38:54,5853.63,1382.29,4152.06,76.40
2024-06-18 11:38:59,5853.63,1380.15,4154.20,76.40
2024-06-18 11:39:04,5853.63,1380.89,4153.46,76.40
2024-06-18 11:39:09,5853.63,1380.89,4153.46,76.40
2024-06-18 11:39:14,5853.63,1380.89,4153.46,76.40
2024-06-18 11:39:19,5853.63,1380.89,4153.46,76.40
2024-06-18 11:39:24,5853.63,1380.90,4153.46,76.40
2024-06-18 11:39:29,5853.63,1380.66,4153.69,76.40
2024-06-18 11:39:34,5853.63,1376.82,4157.53,76.50
2024-06-18 11:39:39,5853.63,1385.74,4148.62,76.30
2024-06-18 11:39:44,5853.63,1385.74,4148.62,76.30
2024-06-18 11:39:49,5853.63,1385.52,4148.84,76.30
2024-06-18 11:39:54,5853.63,1385.53,4148.83,76.30
2024-06-18 11:39:59,5853.63,1386.30,4147.80,76.30
2024-06-18 11:40:04,5853.63,1380.37,4153.47,76.40
2024-06-18 11:40:09,5853.63,1380.40,4153.46,76.40
2024-06-18 11:40:14,5853.63,1380.41,4153.45,76.40
2024-06-18 11:40:19,5853.63,1380.40,4153.45,76.40
2024-06-18 11:40:24,5853.63,1380.41,4153.45,76.40
2024-06-18 11:40:29,5853.63,1380.43,4153.43,76.40
2024-06-18 11:40:34,5853.63,1380.44,4153.41,76.40
2024-06-18 11:40:39,5853.63,1380.32,4153.54,76.40
2024-06-18 11:40:44,5853.63,1380.32,4153.53,76.40
2024-06-18 11:40:49,5853.63,1380.51,4153.34,76.40
2024-06-18 11:40:54,5853.63,1380.53,4153.33,76.40
2024-06-18 11:40:59,5853.63,1382.78,4151.08,76.40
2024-06-18 11:41:04,5853.63,1382.89,4150.96,76.40
2024-06-18 11:41:09,5853.63,1386.52,4147.34,76.30
2024-06-18 11:41:14,5853.63,1386.52,4147.33,76.30
2024-06-18 11:41:19,5853.63,1386.53,4147.33,76.30
2024-06-18 11:41:24,5853.63,1386.32,4147.53,76.30
2024-06-18 11:41:29,5853.63,1386.32,4147.53,76.30
2024-06-18 11:41:34,5853.63,1386.09,4147.77,76.30
2024-06-18 11:41:39,5853.63,1386.09,4147.77,76.30
2024-06-18 11:41:44,5853.63,1385.89,4147.97,76.30
2024-06-18 11:41:49,5853.63,1385.89,4147.97,76.30
2024-06-18 11:41:54,5853.63,1385.89,4147.96,76.30
2024-06-18 11:41:59,5853.63,1385.91,4147.95,76.30
2024-06-18 11:42:04,5853.63,1385.91,4147.95,76.30
2024-06-18 11:42:09,5853.63,1385.91,4147.95,76.30
2024-06-18 11:42:14,5853.63,1385.90,4147.95,76.30
2024-06-18 11:42:19,5853.63,1385.42,4148.44,76.30
2024-06-18 11:42:24,5853.63,1385.43,4148.43,76.30
2024-06-18 11:42:29,5853.63,1385.43,4148.42,76.30
2024-06-18 11:42:34,5853.63,1385.44,4148.41,76.30
2024-06-18 11:42:39,5853.63,1385.44,4148.41,76.30
2024-06-18 11:42:44,5853.63,1385.44,4148.41,76.30
2024-06-18 11:42:49,5853.63,1385.11,4148.74,76.30
2024-06-18 11:42:54,5853.63,1377.38,4156.47,76.50
2024-06-18 11:42:59,5853.63,1377.13,4156.70,76.50
2024-06-18 11:43:04,5853.63,1392.65,4141.20,76.20
2024-06-18 11:43:09,5853.63,1392.45,4141.40,76.20
2024-06-18 11:43:14,5853.63,1392.45,4141.40,76.20
2024-06-18 11:43:19,5853.63,1387.35,4146.50,76.30
2024-06-18 11:43:24,5853.63,1402.89,4130.96,76.00
2024-06-18 11:43:29,5853.63,1402.90,4130.94,76.00
2024-06-18 11:43:34,5853.63,1402.91,4130.94,76.00
2024-06-18 11:43:39,5853.63,1404.27,4129.59,76.00
2024-06-18 11:43:44,5853.63,1404.29,4129.56,76.00
2024-06-18 11:43:49,5853.63,1404.08,4129.75,76.00
2024-06-18 11:43:54,5853.63,1400.12,4133.73,76.10
2024-06-18 11:43:59,5853.63,1400.07,4133.79,76.10
2024-06-18 11:44:04,5853.63,1399.82,4134.02,76.10
2024-06-18 11:44:09,5853.63,1399.83,4134.02,76.10
2024-06-18 11:44:14,5853.63,1399.84,4134.02,76.10
2024-06-18 11:44:19,5853.63,1399.88,4133.97,76.10
2024-06-18 11:44:24,5853.63,1399.89,4133.95,76.10
2024-06-18 11:44:29,5853.63,1399.87,4133.98,76.10
2024-06-18 11:44:34,5853.63,1399.89,4133.97,76.10
2024-06-18 11:44:39,5853.63,1399.89,4133.97,76.10
2024-06-18 11:44:44,5853.63,1399.90,4133.95,76.10
2024-06-18 11:44:49,5853.63,1399.91,4133.95,76.10
2024-06-18 11:44:54,5853.63,1399.91,4133.95,76.10
2024-06-18 11:44:59,5853.63,1399.91,4133.95,76.10
2024-06-18 11:45:04,5853.63,1399.91,4133.95,76.10
2024-06-18 11:45:09,5853.63,1399.91,4133.95,76.10
2024-06-18 11:45:14,5853.63,1399.91,4133.95,76.10
2024-06-18 11:45:19,5853.63,1399.91,4133.95,76.10
2024-06-18 11:45:24,5853.63,1399.92,4133.94,76.10
2024-06-18 11:45:29,5853.63,1399.92,4133.94,76.10
2024-06-18 11:45:34,5853.63,1399.89,4133.97,76.10
2024-06-18 11:45:39,5853.63,1399.89,4133.97,76.10
2024-06-18 11:45:44,5853.63,1399.90,4133.95,76.10
2024-06-18 11:45:49,5853.63,1399.90,4133.95,76.10
2024-06-18 11:45:54,5853.63,1399.91,4133.95,76.10
2024-06-18 11:45:59,5853.63,1399.92,4133.94,76.10
2024-06-18 11:46:04,5853.63,1399.85,4134.00,76.10
2024-06-18 11:46:09,5853.63,1399.86,4134.00,76.10
2024-06-18 11:46:14,5853.63,1399.86,4134.00,76.10
2024-06-18 11:46:19,5853.63,1399.86,4134.00,76.10
2024-06-18 11:46:24,5853.63,1399.86,4133.99,76.10
2024-06-18 11:46:29,5853.63,1399.86,4133.99,76.10
2024-06-18 11:46:34,5853.63,1399.86,4133.98,76.10
2024-06-18 11:46:39,5853.63,1399.85,4134.00,76.10
2024-06-18 11:46:44,5853.63,1399.86,4133.98,76.10
2024-06-18 11:46:49,5853.63,1399.86,4133.98,76.10
2024-06-18 11:46:54,5853.63,1399.88,4133.98,76.10
2024-06-18 11:46:59,5853.63,1399.89,4133.96,76.10
2024-06-18 11:47:04,5853.63,1399.89,4133.96,76.10
2024-06-18 11:47:09,5853.63,1399.64,4134.20,76.10
2024-06-18 11:47:14,5853.63,1399.66,4134.20,76.10
2024-06-18 11:47:19,5853.63,1399.66,4134.20,76.10
2024-06-18 11:47:24,5853.63,1398.93,4134.93,76.10
2024-06-18 11:47:29,5853.63,1398.94,4134.92,76.10
2024-06-18 11:47:34,5853.63,1398.94,4134.92,76.10
2024-06-18 11:47:39,5853.63,1398.94,4134.92,76.10
2024-06-18 11:47:44,5853.63,1398.16,4135.69,76.10
2024-06-18 11:47:49,5853.63,1398.16,4135.66,76.10
2024-06-18 11:47:54,5853.63,1398.20,4135.65,76.10
2024-06-18 11:47:59,5853.63,1398.20,4135.65,76.10
2024-06-18 11:48:04,5853.63,1398.21,4135.64,76.10
2024-06-18 11:48:09,5853.63,1397.94,4135.91,76.10
2024-06-18 11:48:14,5853.63,1398.09,4135.77,76.10
2024-06-18 11:48:19,5853.63,1398.09,4135.76,76.10
2024-06-18 11:48:24,5853.63,1397.93,4135.93,76.10
2024-06-18 11:48:29,5853.63,1398.91,4134.95,76.10
2024-06-18 11:48:34,5853.63,1398.91,4134.95,76.10
2024-06-18 11:48:39,5853.63,1398.35,4135.49,76.10
2024-06-18 11:48:44,5853.63,1398.16,4135.69,76.10
2024-06-18 11:48:49,5853.63,1395.73,4138.12,76.20
2024-06-18 11:48:54,5853.63,1395.74,4138.11,76.20
2024-06-18 11:48:59,5853.63,1395.50,4138.35,76.20
2024-06-18 11:49:04,5853.63,1392.60,4141.26,76.20
2024-06-18 11:49:09,5853.63,1392.61,4141.25,76.20
2024-06-18 11:49:14,5853.63,1380.82,4152.91,76.40
2024-06-18 11:49:19,5853.63,1374.84,4158.71,76.50
2024-06-18 11:49:24,5853.63,1229.62,4297.46,79.00
2024-06-18 11:49:29,5853.63,1242.49,4284.60,78.80
2024-06-18 11:49:34,5853.63,1265.34,4261.75,78.40
2024-06-18 11:49:39,5853.63,1269.83,4257.27,78.30
2024-06-18 11:49:44,5853.63,1269.85,4257.24,78.30
2024-06-18 11:49:49,5853.63,1272.10,4254.99,78.30
2024-06-18 11:49:54,5853.63,1275.04,4252.04,78.20
2024-06-18 11:49:59,5853.63,1274.76,4252.34,78.20
2024-06-18 11:50:04,5853.63,1274.76,4252.33,78.20
2024-06-18 11:50:09,5853.63,1274.54,4252.55,78.20
2024-06-18 11:50:14,5853.63,1275.05,4252.05,78.20
2024-06-18 11:50:19,5853.63,1275.05,4252.04,78.20
2024-06-18 11:50:24,5853.63,1275.06,4252.04,78.20
2024-06-18 11:50:29,5853.63,1272.09,4255.01,78.30
2024-06-18 11:50:34,5853.63,1213.98,4313.00,79.30
2024-06-18 11:50:39,5853.63,1144.49,4386.60,80.40
2024-06-18 11:50:44,5853.63,1056.23,4475.72,82.00
2024-06-18 11:50:49,5853.63,946.02,4586.05,83.80
2024-06-18 11:50:54,5853.63,932.86,4599.76,84.10
2024-06-18 11:50:59,5853.63,953.24,4579.41,83.70
2024-06-18 11:51:04,5853.63,997.50,4535.16,83.00
2024-06-18 11:51:09,5853.63,959.99,4572.51,83.60
2024-06-18 11:51:14,5853.63,927.88,4604.87,84.10
2024-06-18 11:51:19,5853.63,956.84,4575.91,83.70
2024-06-18 11:51:24,5853.63,927.75,4605.02,84.20
2024-06-18 11:51:29,5853.63,924.14,4608.62,84.20
2024-06-18 11:51:34,5853.63,902.48,4630.23,84.60
2024-06-18 11:51:39,5853.63,908.92,4627.88,84.50
2024-06-18 11:51:44,5853.63,897.93,4638.87,84.70
2024-06-18 11:51:49,5853.63,856.33,4680.43,85.40
2024-06-18 11:51:54,5853.63,856.36,4680.18,85.40
2024-06-18 11:51:59,5853.63,879.44,4657.34,85.00
2024-06-18 11:52:04,5853.63,911.77,4624.81,84.40
2024-06-18 11:52:09,5853.63,911.52,4625.06,84.40
2024-06-18 11:52:14,5853.63,857.70,4678.87,85.30
2024-06-18 11:52:19,5853.63,855.59,4680.32,85.40
2024-06-18 11:52:24,5853.63,844.10,4691.85,85.60
2024-06-18 11:52:29,5853.63,850.19,4685.89,85.50
2024-06-18 11:52:34,5853.63,849.84,4686.21,85.50
2024-06-18 11:52:39,5853.63,853.10,4682.95,85.40
2024-06-18 11:52:44,5853.63,854.37,4681.68,85.40
2024-06-18 11:52:49,5853.63,862.95,4673.02,85.30
2024-06-18 11:52:54,5853.63,853.82,4682.27,85.40
2024-06-18 11:52:59,5853.63,863.49,4672.61,85.20
2024-06-18 11:53:04,5853.63,918.86,4617.22,84.30
2024-06-18 11:53:09,5853.63,918.49,4617.60,84.30
2024-06-18 11:53:14,5853.63,918.63,4617.46,84.30
2024-06-18 11:53:19,5853.63,918.64,4617.45,84.30
2024-06-18 11:53:24,5853.63,927.75,4608.31,84.20
2024-06-18 11:53:29,5853.63,927.79,4608.30,84.20
2024-06-18 11:53:34,5853.63,927.66,4608.47,84.20
2024-06-18 11:53:39,5853.63,927.34,4608.79,84.20
2024-06-18 11:53:44,5853.63,927.37,4608.73,84.20
2024-06-18 11:53:49,5853.63,927.43,4608.70,84.20
2024-06-18 11:53:54,5853.63,927.43,4608.70,84.20
2024-06-18 11:53:59,5853.63,927.93,4608.18,84.10
2024-06-18 11:54:04,5853.63,927.98,4608.11,84.10
2024-06-18 11:54:09,5853.63,928.00,4608.11,84.10
2024-06-18 11:54:14,5853.63,924.01,4612.12,84.20
2024-06-18 11:54:19,5853.63,924.05,4612.19,84.20
2024-06-18 11:54:24,5853.63,924.05,4612.18,84.20
2024-06-18 11:54:29,5853.63,923.85,4612.38,84.20
2024-06-18 11:54:34,5853.63,924.36,4611.88,84.20
2024-06-18 11:54:39,5853.63,924.36,4611.87,84.20
2024-06-18 11:54:44,5853.63,923.72,4612.51,84.20
2024-06-18 11:54:49,5853.63,923.74,4612.50,84.20
2024-06-18 11:54:54,5853.63,923.75,4612.49,84.20
2024-06-18 11:54:59,5853.63,923.75,4612.49,84.20
2024-06-18 11:55:04,5853.63,923.75,4612.47,84.20
2024-06-18 11:55:09,5853.63,923.77,4612.46,84.20
2024-06-18 11:55:14,5853.63,923.67,4612.55,84.20
2024-06-18 11:55:19,5853.63,923.68,4612.54,84.20
2024-06-18 11:55:24,5853.63,923.69,4612.54,84.20
2024-06-18 11:55:29,5853.63,923.69,4612.54,84.20
2024-06-18 11:55:34,5853.63,923.72,4612.52,84.20
2024-06-18 11:55:39,5853.63,923.72,4612.52,84.20
2024-06-18 11:55:44,5853.63,923.73,4612.51,84.20
2024-06-18 11:55:49,5853.63,923.67,4612.55,84.20
2024-06-18 11:55:54,5853.63,923.71,4612.53,84.20
2024-06-18 11:55:59,5853.63,923.71,4612.52,84.20
2024-06-18 11:56:04,5853.63,923.73,4612.51,84.20
2024-06-18 11:56:09,5853.63,923.73,4612.50,84.20
2024-06-18 11:56:14,5853.63,923.75,4612.46,84.20
2024-06-18 11:56:19,5853.63,904.95,4631.28,84.50
2024-06-18 11:56:24,5853.63,904.00,4632.22,84.60
2024-06-18 11:56:29,5853.63,915.96,4620.09,84.40
2024-06-18 11:56:34,5853.63,915.52,4620.53,84.40
2024-06-18 11:56:39,5853.63,907.91,4628.15,84.50
2024-06-18 11:56:44,5853.63,944.69,4591.37,83.90
2024-06-18 11:56:49,5853.63,960.25,4575.81,83.60
2024-06-18 11:56:54,5853.63,969.07,4566.99,83.40
2024-06-18 11:56:59,5853.63,969.07,4566.99,83.40
2024-06-18 11:57:04,5853.63,968.85,4567.21,83.40
2024-06-18 11:57:09,5853.63,981.91,4554.15,83.20
2024-06-18 11:57:14,5853.63,987.48,4548.58,83.10
2024-06-18 11:57:19,5853.63,997.29,4538.77,83.00
2024-06-18 11:57:24,5853.63,1010.30,4525.74,82.70
2024-06-18 11:57:29,5853.63,1010.57,4525.50,82.70
2024-06-18 11:57:34,5853.63,1010.86,4525.20,82.70
2024-06-18 11:57:39,5853.63,1035.49,4500.56,82.30
2024-06-18 11:57:44,5853.63,1035.32,4500.72,82.30
2024-06-18 11:57:49,5853.63,1036.77,4498.88,82.30
2024-06-18 11:57:54,5853.63,1077.16,4458.91,81.60
2024-06-18 11:57:59,5853.63,1093.67,4442.40,81.30
2024-06-18 11:58:04,5853.63,1094.41,4441.65,81.30
2024-06-18 11:58:09,5853.63,1094.18,4441.88,81.30
2024-06-18 11:58:14,5853.63,1094.22,4441.85,81.30
2024-06-18 11:58:19,5853.63,1094.01,4442.05,81.30
2024-06-18 11:58:24,5853.63,1095.05,4441.02,81.30
2024-06-18 11:58:29,5853.63,1094.82,4441.25,81.30
2024-06-18 11:58:34,5853.63,1094.82,4441.24,81.30
2024-06-18 11:58:39,5853.63,1094.60,4441.46,81.30
2024-06-18 11:58:44,5853.63,1094.62,4441.45,81.30
2024-06-18 11:58:49,5853.63,1099.34,4436.72,81.20
2024-06-18 11:58:54,5853.63,1099.63,4436.43,81.20
2024-06-18 11:58:59,5853.63,1096.48,4439.59,81.30
2024-06-18 11:59:04,5853.63,1096.48,4439.58,81.30
2024-06-18 11:59:09,5853.63,1095.86,4440.21,81.30
2024-06-18 11:59:14,5853.63,1095.88,4440.19,81.30
2024-06-18 11:59:19,5853.63,1095.91,4440.16,81.30
2024-06-18 11:59:24,5853.63,1095.91,4440.15,81.30
2024-06-18 11:59:29,5853.63,1095.06,4441.01,81.30
2024-06-18 11:59:34,5853.63,1095.06,4441.01,81.30
2024-06-18 11:59:39,5853.63,1095.10,4440.96,81.30
2024-06-18 11:59:44,5853.63,1095.12,4440.95,81.30
2024-06-18 11:59:49,5853.63,1083.74,4452.14,81.50
2024-06-18 11:59:54,5853.63,1083.51,4452.37,81.50
2024-06-18 11:59:59,5853.63,1083.30,4452.58,81.50
2024-06-18 12:00:04,5853.63,1085.59,4450.29,81.50
2024-06-18 12:00:09,5853.63,1084.90,4450.98,81.50
2024-06-18 12:00:14,5853.63,1095.47,4440.41,81.30
2024-06-18 12:00:19,5853.63,1086.53,4449.34,81.40
2024-06-18 12:00:24,5853.63,1091.48,4444.40,81.40
2024-06-18 12:00:29,5853.63,1091.02,4444.87,81.40
2024-06-18 12:00:34,5853.63,1092.50,4443.38,81.30
2024-06-18 12:00:39,5853.63,1092.52,4443.37,81.30
2024-06-18 12:00:44,5853.63,1091.02,4444.86,81.40
2024-06-18 12:00:49,5853.63,1088.80,4447.09,81.40
2024-06-18 12:00:54,5853.63,1088.32,4447.55,81.40
2024-06-18 12:00:59,5853.63,1088.11,4447.78,81.40
2024-06-18 12:01:04,5853.63,1087.87,4448.02,81.40
2024-06-18 12:01:09,5853.63,1087.87,4448.00,81.40
2024-06-18 12:01:14,5853.63,1087.41,4448.48,81.40
2024-06-18 12:01:19,5853.63,1086.54,4449.32,81.40
2024-06-18 12:01:24,5853.63,1086.57,4449.31,81.40
2024-06-18 12:01:29,5853.63,1086.33,4449.55,81.40
2024-06-18 12:01:34,5853.63,1085.79,4450.09,81.50
2024-06-18 12:01:39,5853.63,1085.80,4450.08,81.50
2024-06-18 12:01:44,5853.63,1085.95,4449.88,81.40
2024-06-18 12:01:49,5853.63,1086.06,4449.82,81.40
2024-06-18 12:01:54,5853.63,1085.19,4450.69,81.50
2024-06-18 12:01:59,5853.63,1085.20,4450.68,81.50
2024-06-18 12:02:04,5853.63,1085.31,4450.32,81.50
2024-06-18 12:02:09,5853.63,1085.32,4450.31,81.50
2024-06-18 12:02:14,5853.63,1084.85,4450.78,81.50
2024-06-18 12:02:19,5853.63,1084.91,4450.71,81.50
2024-06-18 12:02:24,5853.63,1084.22,4451.40,81.50
2024-06-18 12:02:29,5853.63,1084.23,4451.39,81.50
2024-06-18 12:02:34,5853.63,1084.01,4451.61,81.50
2024-06-18 12:02:39,5853.63,1084.02,4451.61,81.50
2024-06-18 12:02:44,5853.63,1084.03,4451.59,81.50
2024-06-18 12:02:49,5853.63,1084.05,4451.57,81.50
2024-06-18 12:02:54,5853.63,1084.08,4451.54,81.50
2024-06-18 12:02:59,5853.63,1083.36,4452.25,81.50
2024-06-18 12:03:04,5853.63,1083.37,4452.25,81.50
2024-06-18 12:03:09,5853.63,1083.37,4452.25,81.50
2024-06-18 12:03:14,5853.63,1083.38,4452.24,81.50
2024-06-18 12:03:19,5853.63,1083.38,4452.23,81.50
2024-06-18 12:03:24,5853.63,1083.42,4452.20,81.50
2024-06-18 12:03:29,5853.63,1082.95,4452.67,81.50
2024-06-18 12:03:34,5853.63,1082.96,4452.67,81.50
2024-06-18 12:03:39,5853.63,1082.96,4452.65,81.50
2024-06-18 12:03:44,5853.63,1083.01,4452.61,81.50
2024-06-18 12:03:49,5853.63,1083.03,4452.59,81.50
2024-06-18 12:03:54,5853.63,1083.04,4452.58,81.50
2024-06-18 12:03:59,5853.63,1082.81,4452.81,81.50
2024-06-18 12:04:04,5853.63,1082.31,4453.30,81.50
2024-06-18 12:04:09,5853.63,1081.43,4454.19,81.50
2024-06-18 12:04:14,5853.63,1081.21,4454.41,81.50
2024-06-18 12:04:19,5853.63,1078.92,4456.70,81.60
2024-06-18 12:04:24,5853.63,1079.02,4456.52,81.60
2024-06-18 12:04:29,5853.63,1079.79,4455.76,81.60
2024-06-18 12:04:34,5853.63,1079.57,4455.97,81.60
2024-06-18 12:04:39,5853.63,1074.71,4460.82,81.60
2024-06-18 12:04:44,5853.63,1074.51,4461.04,81.60
2024-06-18 12:04:49,5853.63,1074.29,4461.26,81.60
2024-06-18 12:04:54,5853.63,1075.05,4460.49,81.60
2024-06-18 12:04:59,5853.63,1074.93,4460.61,81.60
2024-06-18 12:05:04,5853.63,1074.93,4460.60,81.60
2024-06-18 12:05:09,5853.63,1074.27,4461.27,81.60
2024-06-18 12:05:14,5853.63,1074.29,4461.24,81.60
2024-06-18 12:05:19,5853.63,1074.32,4461.22,81.60
2024-06-18 12:05:24,5853.63,1074.00,4461.52,81.70
2024-06-18 12:05:29,5853.63,1073.72,4461.82,81.70
2024-06-18 12:05:34,5853.63,1073.73,4461.81,81.70
2024-06-18 12:05:39,5853.63,1073.73,4461.81,81.70
2024-06-18 12:05:44,5853.63,1077.45,4458.09,81.60
2024-06-18 12:05:49,5853.63,1076.99,4458.54,81.60
2024-06-18 12:05:54,5853.63,1077.02,4458.52,81.60
2024-06-18 12:05:59,5853.63,1075.32,4460.22,81.60
2024-06-18 12:06:04,5853.63,1075.32,4460.22,81.60
2024-06-18 12:06:09,5853.63,1075.32,4460.21,81.60
2024-06-18 12:06:14,5853.63,1074.11,4461.43,81.70
2024-06-18 12:06:19,5853.63,1074.12,4461.41,81.70
2024-06-18 12:06:24,5853.63,1070.20,4465.34,81.70
2024-06-18 12:06:29,5853.63,1069.90,4465.64,81.70
2024-06-18 12:06:34,5853.63,1075.11,4460.43,81.60
2024-06-18 12:06:39,5853.63,1075.11,4460.43,81.60
2024-06-18 12:06:44,5853.63,1075.13,4460.41,81.60
2024-06-18 12:06:49,5853.63,1069.75,4465.78,81.70
2024-06-18 12:06:54,5853.63,1069.76,4465.77,81.70
2024-06-18 12:06:59,5853.63,1069.77,4465.77,81.70
2024-06-18 12:07:04,5853.63,1069.55,4465.98,81.70
2024-06-18 12:07:09,5853.63,1069.56,4465.98,81.70
2024-06-18 12:07:14,5853.63,1069.57,4465.96,81.70
2024-06-18 12:07:19,5853.63,1068.37,4467.17,81.70
2024-06-18 12:07:24,5853.63,1069.90,4465.62,81.70
2024-06-18 12:07:29,5853.63,1069.46,4466.06,81.70
2024-06-18 12:07:34,5853.63,1069.46,4466.05,81.70
2024-06-18 12:07:39,5853.63,1069.46,4466.05,81.70
2024-06-18 12:07:44,5853.63,1069.26,4466.26,81.70
2024-06-18 12:07:49,5853.63,1069.04,4466.47,81.70
2024-06-18 12:07:54,5853.63,1067.69,4467.83,81.80
2024-06-18 12:07:59,5853.63,1067.70,4467.82,81.80
2024-06-18 12:08:04,5853.63,1067.52,4468.00,81.80
2024-06-18 12:08:09,5853.63,1067.52,4468.00,81.80
2024-06-18 12:08:14,5853.63,1067.27,4468.25,81.80
2024-06-18 12:08:19,5853.63,1067.29,4468.23,81.80
2024-06-18 12:08:24,5853.63,1066.69,4468.82,81.80
2024-06-18 12:08:29,5853.63,1066.75,4468.77,81.80
2024-06-18 12:08:34,5853.63,1066.59,4468.93,81.80
2024-06-18 12:08:39,5853.63,1066.35,4469.17,81.80
2024-06-18 12:08:44,5853.63,1066.12,4469.39,81.80
2024-06-18 12:08:49,5853.63,1070.17,4465.35,81.70
2024-06-18 12:08:54,5853.63,1067.17,4468.30,81.80
2024-06-18 12:08:59,5853.63,1063.80,4471.68,81.80
2024-06-18 12:09:04,5853.63,1063.81,4471.68,81.80
2024-06-18 12:09:09,5853.63,1062.88,4472.61,81.80
2024-06-18 12:09:14,5853.63,1061.96,4473.52,81.90
2024-06-18 12:09:19,5853.63,1060.34,4475.15,81.90
2024-06-18 12:09:24,5853.63,1059.87,4475.61,81.90
2024-06-18 12:09:29,5853.63,1059.66,4475.82,81.90
2024-06-18 12:09:34,5853.63,1060.74,4474.74,81.90
2024-06-18 12:09:39,5853.63,1049.56,4485.91,82.10
2024-06-18 12:09:44,5853.63,1049.34,4486.13,82.10
2024-06-18 12:09:49,5853.63,1056.01,4479.46,82.00
2024-06-18 12:09:54,5853.63,1055.36,4480.12,82.00
2024-06-18 12:09:59,5853.63,1053.16,4482.31,82.00
2024-06-18 12:10:04,5853.63,1052.25,4483.22,82.00
2024-06-18 12:10:09,5853.63,1055.86,4479.62,82.00
2024-06-18 12:10:14,5853.63,1055.87,4479.61,82.00
2024-06-18 12:10:19,5853.63,1059.81,4475.66,81.90
2024-06-18 12:10:24,5853.63,1059.83,4475.64,81.90
2024-06-18 12:10:29,5853.63,1059.84,4475.64,81.90
2024-06-18 12:10:34,5853.63,1059.84,4475.63,81.90
2024-06-18 12:10:39,5853.63,1065.50,4469.98,81.80
2024-06-18 12:10:44,5853.63,1045.91,4489.57,82.10
2024-06-18 12:10:49,5853.63,1045.45,4490.04,82.10
2024-06-18 12:10:54,5853.63,1044.00,4491.47,82.20
2024-06-18 12:10:59,5853.63,1043.80,4491.68,82.20
2024-06-18 12:11:04,5853.63,1046.29,4489.19,82.10
2024-06-18 12:11:09,5853.63,1043.15,4492.33,82.20
2024-06-18 12:11:14,5853.63,1042.48,4493.00,82.20
2024-06-18 12:11:19,5853.63,1041.99,4493.48,82.20
2024-06-18 12:11:24,5853.63,1042.39,4493.07,82.20
2024-06-18 12:11:29,5853.63,1034.36,4500.99,82.30
2024-06-18 12:11:34,5853.63,1036.16,4499.10,82.30
2024-06-18 12:11:39,5853.63,1028.48,4506.86,82.40
2024-06-18 12:11:44,5853.63,1033.98,4501.32,82.30
2024-06-18 12:11:49,5853.63,1037.72,4497.62,82.30
2024-06-18 12:11:54,5853.63,1040.89,4494.36,82.20
2024-06-18 12:11:59,5853.63,1055.04,4480.27,82.00
2024-06-18 12:12:04,5853.63,1072.66,4462.67,81.70
2024-06-18 12:12:09,5853.63,1074.80,4460.55,81.60
2024-06-18 12:12:14,5853.63,1074.75,4460.60,81.60
2024-06-18 12:12:19,5853.63,1074.26,4461.08,81.60
2024-06-18 12:12:24,5853.63,1073.80,4461.55,81.70
2024-06-18 12:12:29,5853.63,1073.35,4461.99,81.70
2024-06-18 12:12:34,5853.63,1073.38,4461.97,81.70
2024-06-18 12:12:39,5853.63,1071.69,4463.66,81.70
2024-06-18 12:12:44,5853.63,1069.78,4465.57,81.70
2024-06-18 12:12:49,5853.63,1057.97,4477.38,81.90
2024-06-18 12:12:54,5853.63,1057.75,4477.60,81.90
2024-06-18 12:12:59,5853.63,1057.77,4477.59,81.90
2024-06-18 12:13:04,5853.63,1057.77,4477.58,81.90
2024-06-18 12:13:09,5853.63,1057.77,4477.57,81.90
2024-06-18 12:13:14,5853.63,1060.67,4474.68,81.90
2024-06-18 12:13:19,5853.63,1059.49,4475.83,81.90
2024-06-18 12:13:24,5853.63,1059.40,4475.96,81.90
2024-06-18 12:13:29,5853.63,1055.53,4479.83,82.00
2024-06-18 12:13:34,5853.63,1055.55,4479.81,82.00
2024-06-18 12:13:39,5853.63,1055.59,4479.76,82.00
2024-06-18 12:13:44,5853.63,1055.61,4479.74,82.00
2024-06-18 12:13:49,5853.63,1057.33,4477.97,81.90
2024-06-18 12:13:54,5853.63,1056.92,4478.43,81.90
2024-06-18 12:13:59,5853.63,1056.93,4478.43,81.90
2024-06-18 12:14:04,5853.63,1056.95,4478.41,81.90
2024-06-18 12:14:09,5853.63,1056.95,4478.40,81.90
2024-06-18 12:14:14,5853.63,1056.78,4478.55,81.90
2024-06-18 12:14:19,5853.63,1056.63,4478.72,81.90
2024-06-18 12:14:24,5853.63,1056.64,4478.71,81.90
2024-06-18 12:14:29,5853.63,1056.44,4478.91,82.00
2024-06-18 12:14:34,5853.63,1056.46,4478.89,82.00
2024-06-18 12:14:39,5853.63,1056.23,4479.12,82.00
2024-06-18 12:14:44,5853.63,1056.24,4479.11,82.00
2024-06-18 12:14:49,5853.63,1056.26,4479.09,82.00
2024-06-18 12:14:54,5853.63,1056.27,4479.08,82.00
2024-06-18 12:14:59,5853.63,1056.68,4478.66,81.90
2024-06-18 12:15:04,5853.63,1054.80,4480.54,82.00
2024-06-18 12:15:09,5853.63,1054.57,4480.78,82.00
2024-06-18 12:15:14,5853.63,1054.61,4480.75,82.00
2024-06-18 12:15:19,5853.63,1054.61,4480.74,82.00
2024-06-18 12:15:24,5853.63,1054.39,4480.95,82.00
2024-06-18 12:15:29,5853.63,1054.40,4480.95,82.00
2024-06-18 12:15:34,5853.63,1053.90,4481.45,82.00
2024-06-18 12:15:39,5853.63,1053.69,4481.66,82.00
2024-06-18 12:15:44,5853.63,1053.98,4481.38,82.00
2024-06-18 12:15:49,5853.63,1053.75,4481.59,82.00
2024-06-18 12:15:54,5853.63,1053.28,4482.07,82.00
2024-06-18 12:15:59,5853.63,1053.04,4482.31,82.00
2024-06-18 12:16:04,5853.63,1051.83,4483.52,82.00
2024-06-18 12:16:09,5853.63,1051.85,4483.50,82.00
2024-06-18 12:16:14,5853.63,1051.66,4483.69,82.00
2024-06-18 12:16:19,5853.63,1051.66,4483.68,82.00
2024-06-18 12:16:24,5853.63,1051.68,4483.67,82.00
2024-06-18 12:16:29,5853.63,1051.95,4483.40,82.00
2024-06-18 12:16:34,5853.63,1051.96,4483.39,82.00
2024-06-18 12:16:39,5853.63,1050.93,4484.41,82.00
2024-06-18 12:16:44,5853.63,1050.94,4484.41,82.00
2024-06-18 12:16:49,5853.63,1050.48,4484.87,82.10
2024-06-18 12:16:54,5853.63,1070.60,4464.74,81.70
2024-06-18 12:16:59,5853.63,1068.25,4467.11,81.80
2024-06-18 12:17:04,5853.63,1068.02,4467.33,81.80
2024-06-18 12:17:09,5853.63,1067.80,4467.55,81.80
2024-06-18 12:17:14,5853.63,1067.81,4467.54,81.80
2024-06-18 12:17:19,5853.63,1066.67,4468.67,81.80
2024-06-18 12:17:24,5853.63,1065.23,4470.11,81.80
2024-06-18 12:17:29,5853.63,1064.09,4471.26,81.80
2024-06-18 12:17:34,5853.63,1064.12,4471.23,81.80
2024-06-18 12:17:39,5853.63,1060.90,4474.45,81.90
2024-06-18 12:17:44,5853.63,1060.24,4475.11,81.90
2024-06-18 12:17:49,5853.63,1060.26,4475.09,81.90
2024-06-18 12:17:54,5853.63,1060.28,4475.06,81.90
2024-06-18 12:17:59,5853.63,1060.30,4475.05,81.90
2024-06-18 12:18:04,5853.63,1059.37,4475.98,81.90
2024-06-18 12:18:09,5853.63,1061.63,4473.71,81.90
2024-06-18 12:18:14,5853.63,1061.30,4474.01,81.90
2024-06-18 12:18:19,5853.63,1061.35,4474.00,81.90
2024-06-18 12:18:24,5853.63,1061.35,4474.00,81.90
2024-06-18 12:18:29,5853.63,1061.20,4474.15,81.90
2024-06-18 12:18:34,5853.63,1059.43,4475.91,81.90
2024-06-18 12:18:39,5853.63,1061.11,4474.32,81.90
2024-06-18 12:18:44,5853.63,1062.70,4472.15,81.80
2024-06-18 12:18:49,5853.63,1061.86,4472.95,81.90
2024-06-18 12:18:54,5853.63,1061.49,4473.36,81.90
2024-06-18 12:18:59,5853.63,1056.55,4478.28,82.00
2024-06-18 12:19:04,5853.63,1056.62,4478.21,81.90
2024-06-18 12:19:09,5853.63,1053.34,4481.52,82.00
2024-06-18 12:19:14,5853.63,1053.37,4481.48,82.00
2024-06-18 12:19:19,5853.63,1053.38,4481.47,82.00
2024-06-18 12:19:24,5853.63,1053.38,4481.47,82.00
2024-06-18 12:19:29,5853.63,1053.14,4481.71,82.00
2024-06-18 12:19:34,5853.63,1053.18,4481.67,82.00
2024-06-18 12:19:39,5853.63,1051.67,4483.18,82.00
2024-06-18 12:19:44,5853.63,1051.71,4483.14,82.00
2024-06-18 12:19:49,5853.63,1053.21,4481.64,82.00
2024-06-18 12:19:54,5853.63,1052.98,4481.88,82.00
2024-06-18 12:19:59,5853.63,1054.45,4480.39,82.00
2024-06-18 12:20:04,5853.63,1054.24,4480.61,82.00
2024-06-18 12:20:09,5853.63,1054.25,4480.61,82.00
2024-06-18 12:20:14,5853.63,1053.31,4481.54,82.00
2024-06-18 12:20:19,5853.63,1053.44,4481.41,82.00
2024-06-18 12:20:24,5853.63,1050.77,4484.07,82.00
2024-06-18 12:20:29,5853.63,1050.54,4484.31,82.10
2024-06-18 12:20:34,5853.63,1051.06,4483.79,82.00
2024-06-18 12:20:39,5853.63,1050.82,4484.03,82.00
2024-06-18 12:20:44,5853.63,1051.20,4483.65,82.00
2024-06-18 12:20:49,5853.63,1051.00,4483.85,82.00
2024-06-18 12:20:54,5853.63,1051.02,4483.83,82.00
2024-06-18 12:20:59,5853.63,1050.82,4484.03,82.00
2024-06-18 12:21:04,5853.63,1050.82,4484.02,82.00
2024-06-18 12:21:09,5853.63,1050.42,4484.43,82.10
2024-06-18 12:21:14,5853.63,1050.43,4484.41,82.10
2024-06-18 12:21:19,5853.63,1049.93,4484.92,82.10
2024-06-18 12:21:24,5853.63,1050.44,4484.41,82.10
2024-06-18 12:21:29,5853.63,1050.45,4484.40,82.10
2024-06-18 12:21:34,5853.63,1050.47,4484.37,82.10
2024-06-18 12:21:39,5853.63,1050.50,4484.36,82.10
2024-06-18 12:21:44,5853.63,1050.52,4484.34,82.10
2024-06-18 12:21:49,5853.63,1049.82,4485.02,82.10
2024-06-18 12:21:54,5853.63,1049.83,4485.02,82.10
2024-06-18 12:21:59,5853.63,1049.83,4485.02,82.10
2024-06-18 12:22:04,5853.63,1058.87,4475.98,81.90
2024-06-18 12:22:09,5853.63,1058.63,4476.22,81.90
2024-06-18 12:22:14,5853.63,1058.42,4476.43,81.90
2024-06-18 12:22:19,5853.63,1058.17,4476.67,81.90
2024-06-18 12:22:24,5853.63,1057.94,4476.91,81.90
2024-06-18 12:22:29,5853.63,1057.94,4476.91,81.90
2024-06-18 12:22:34,5853.63,1057.52,4477.31,81.90
2024-06-18 12:22:39,5853.63,1055.96,4478.88,82.00
2024-06-18 12:22:44,5853.63,1055.98,4478.86,82.00
2024-06-18 12:22:49,5853.63,1055.54,4479.32,82.00
2024-06-18 12:22:54,5853.63,1055.54,4479.31,82.00
2024-06-18 12:22:59,5853.63,1050.54,4484.31,82.10
2024-06-18 12:23:04,5853.63,1050.09,4484.76,82.10
2024-06-18 12:23:09,5853.63,1054.14,4480.71,82.00
2024-06-18 12:23:14,5853.63,1054.15,4480.70,82.00
2024-06-18 12:23:19,5853.63,1054.18,4480.68,82.00
2024-06-18 12:23:24,5853.63,1054.18,4480.68,82.00
2024-06-18 12:23:29,5853.63,1053.73,4481.13,82.00
2024-06-18 12:23:34,5853.63,1053.27,4481.59,82.00
2024-06-18 12:23:39,5853.63,1052.09,4482.77,82.00
2024-06-18 12:23:44,5853.63,1050.66,4484.20,82.10
2024-06-18 12:23:49,5853.63,1050.46,4484.40,82.10
2024-06-18 12:23:54,5853.63,1050.22,4484.64,82.10
2024-06-18 12:23:59,5853.63,1059.95,4474.91,81.90
2024-06-18 12:24:04,5853.63,1059.96,4474.89,81.90
2024-06-18 12:24:09,5853.63,1059.48,4475.37,81.90
2024-06-18 12:24:14,5853.63,1057.19,4477.67,81.90
2024-06-18 12:24:19,5853.63,1057.11,4477.74,81.90
2024-06-18 12:24:24,5853.63,1057.12,4477.74,81.90
2024-06-18 12:24:29,5853.63,1057.12,4477.73,81.90
2024-06-18 12:24:34,5853.63,1057.12,4477.73,81.90
2024-06-18 12:24:39,5853.63,1056.66,4478.19,81.90
2024-06-18 12:24:44,5853.63,1054.85,4480.01,82.00
2024-06-18 12:24:49,5853.63,1058.50,4476.36,81.90
2024-06-18 12:24:54,5853.63,1058.30,4476.56,81.90
2024-06-18 12:24:59,5853.63,1058.30,4476.54,81.90
2024-06-18 12:25:04,5853.63,1058.33,4476.53,81.90
2024-06-18 12:25:09,5853.63,1057.86,4476.99,81.90
2024-06-18 12:25:14,5853.63,1056.16,4478.69,82.00
2024-06-18 12:25:19,5853.63,1050.78,4484.07,82.00
2024-06-18 12:25:24,5853.63,1049.75,4485.08,82.10
2024-06-18 12:25:29,5853.63,1048.48,4486.36,82.10
2024-06-18 12:25:34,5853.63,1048.52,4486.32,82.10
2024-06-18 12:25:39,5853.63,1049.56,4485.29,82.10
2024-06-18 12:25:44,5853.63,1049.61,4485.25,82.10
2024-06-18 12:25:49,5853.63,1048.89,4485.95,82.10
2024-06-18 12:25:54,5853.63,1048.73,4486.12,82.10
2024-06-18 12:25:59,5853.63,1047.79,4487.06,82.10
2024-06-18 12:26:04,5853.63,1047.79,4487.05,82.10
2024-06-18 12:26:09,5853.63,1047.80,4487.05,82.10
2024-06-18 12:26:14,5853.63,1059.43,4475.43,81.90
2024-06-18 12:26:19,5853.63,1059.45,4475.41,81.90
2024-06-18 12:26:24,5853.63,1059.45,4475.40,81.90
2024-06-18 12:26:29,5853.63,1055.23,4479.62,82.00
2024-06-18 12:26:34,5853.63,1055.23,4479.62,82.00
2024-06-18 12:26:39,5853.63,1054.13,4480.70,82.00
2024-06-18 12:26:44,5853.63,1053.68,4481.16,82.00
2024-06-18 12:26:49,5853.63,1053.24,4481.60,82.00
2024-06-18 12:26:54,5853.63,1055.94,4478.87,82.00
2024-06-18 12:26:59,5853.63,1068.61,4464.21,81.70
2024-06-18 12:27:04,5853.63,1049.68,4475.39,82.10
2024-06-18 12:27:09,5853.63,1052.20,4473.43,82.00
2024-06-18 12:27:14,5853.63,1061.78,4455.15,81.90
2024-06-18 12:27:19,5853.63,1032.90,4479.80,82.40
2024-06-18 12:27:24,5853.63,992.68,4448.54,83.00
2024-06-18 12:27:29,5853.63,927.77,4415.36,84.20
2024-06-18 12:27:34,5853.63,990.15,4456.70,83.10
2024-06-18 12:27:39,5853.63,916.07,4511.66,84.40
2024-06-18 12:27:44,5853.63,884.87,4500.73,84.90
2024-06-18 12:27:49,5853.63,980.01,4464.38,83.30
2024-06-18 12:27:54,5853.63,887.37,4516.39,84.80
2024-06-18 12:27:59,5853.63,892.47,4514.46,84.80
2024-06-18 12:28:04,5853.63,948.12,4462.84,83.80
2024-06-18 12:28:09,5853.63,934.58,4471.71,84.00
2024-06-18 12:28:14,5853.63,929.09,4473.77,84.10
2024-06-18 12:28:19,5853.63,931.28,4477.69,84.10
2024-06-18 12:28:24,5853.63,1021.66,4456.69,82.50
2024-06-18 12:28:29,5853.63,1021.04,4450.43,82.60
2024-06-18 12:28:34,5853.63,1018.50,4453.25,82.60
2024-06-18 12:28:39,5853.63,1013.41,4458.39,82.70
2024-06-18 12:28:44,5853.63,1012.96,4458.96,82.70
2024-06-18 12:28:49,5853.63,926.19,4535.15,84.20
2024-06-18 12:28:54,5853.63,912.77,4546.87,84.40
2024-06-18 12:28:59,5853.63,713.77,4547.50,87.80
2024-06-18 12:29:04,5853.63,852.45,4622.99,85.40
2024-06-18 12:29:09,5853.63,793.73,4669.86,86.40
2024-06-18 12:29:14,5853.63,727.17,4735.80,87.60
2024-06-18 12:29:19,5853.63,676.01,4783.83,88.50
2024-06-18 12:29:24,5853.63,669.95,4793.16,88.60
2024-06-18 12:29:29,5853.63,694.72,4770.95,88.10
2024-06-18 12:29:34,5853.63,693.80,4771.89,88.10
2024-06-18 12:29:39,5853.63,687.62,4782.07,88.30
2024-06-18 12:29:44,5853.63,858.77,4633.01,85.30
2024-06-18 12:29:49,5853.63,862.38,4629.54,85.30
2024-06-18 12:29:54,5853.63,867.28,4624.70,85.20
2024-06-18 12:29:59,5853.63,929.82,4551.34,84.10
2024-06-18 12:30:04,5853.63,934.75,4553.30,84.00
2024-06-18 12:30:09,5853.63,902.50,4551.55,84.60
2024-06-18 12:30:14,5853.63,921.93,4566.11,84.30
2024-06-18 12:30:19,5853.63,869.54,4618.52,85.10
2024-06-18 12:30:24,5853.63,880.05,4607.96,85.00
2024-06-18 12:30:29,5853.63,887.53,4612.54,84.80
2024-06-18 12:30:34,5853.63,757.93,4645.86,87.10
2024-06-18 12:30:39,5853.63,869.49,4620.93,85.10
2024-06-18 12:30:44,5853.63,842.60,4629.31,85.60
2024-06-18 12:30:49,5853.63,836.05,4631.65,85.70
2024-06-18 12:30:54,5853.63,811.89,4645.34,86.10
2024-06-18 12:30:59,5853.63,758.70,4697.14,87.00
2024-06-18 12:31:04,5853.63,728.25,4710.96,87.60
2024-06-18 12:31:09,5853.63,749.05,4684.57,87.20
2024-06-18 12:31:14,5853.63,750.80,4694.79,87.20
2024-06-18 12:31:19,5853.63,766.59,4684.12,86.90
2024-06-18 12:31:24,5853.63,772.34,4679.51,86.80
2024-06-18 12:31:29,5853.63,768.49,4683.31,86.90
2024-06-18 12:31:34,5853.63,772.06,4674.43,86.80
2024-06-18 12:31:39,5853.63,779.39,4670.09,86.70
2024-06-18 12:31:44,5853.63,1038.76,4468.94,82.30
2024-06-18 12:31:49,5853.63,1058.85,4448.51,81.90
2024-06-18 12:31:54,5853.63,1063.70,4443.69,81.80
2024-06-18 12:31:59,5853.63,1052.37,4444.45,82.00
2024-06-18 12:32:04,5853.63,1005.93,4473.63,82.80
2024-06-18 12:32:09,5853.63,964.00,4521.98,83.50
2024-06-18 12:32:14,5853.63,875.58,4591.27,85.00
2024-06-18 12:32:19,5853.63,722.33,4726.18,87.70
2024-06-18 12:32:24,5853.63,670.96,4777.84,88.50
2024-06-18 12:32:29,5853.63,713.62,4754.44,87.80
2024-06-18 12:32:34,5853.63,710.22,4747.06,87.90
2024-06-18 12:32:39,5853.63,712.63,4750.50,87.80
2024-06-18 12:32:44,5853.63,724.99,4754.50,87.60
2024-06-18 12:32:49,5853.63,727.25,4750.73,87.60
2024-06-18 12:32:54,5853.63,667.37,4781.11,88.60
2024-06-18 12:32:59,5853.63,679.50,4775.18,88.40
2024-06-18 12:33:04,5853.63,707.71,4756.20,87.90
2024-06-18 12:33:09,5853.63,809.03,4623.77,86.20
2024-06-18 12:33:14,5853.63,820.12,4647.72,86.00
2024-06-18 12:33:19,5853.63,1207.11,4301.44,79.40
2024-06-18 12:33:24,5853.63,1192.50,4313.18,79.60
2024-06-18 12:33:29,5853.63,1184.61,4317.94,79.80
2024-06-18 12:33:34,5853.63,1187.55,4322.93,79.70
2024-06-18 12:33:39,5853.63,1180.15,4330.27,79.80
2024-06-18 12:33:44,5853.63,1175.39,4336.18,79.90
2024-06-18 12:33:49,5853.63,1189.46,4325.14,79.70
2024-06-18 12:33:54,5853.63,1199.93,4314.65,79.50
2024-06-18 12:33:59,5853.63,1199.32,4312.21,79.50
2024-06-18 12:34:04,5853.63,1203.16,4314.63,79.40
2024-06-18 12:34:09,5853.63,1205.64,4321.10,79.40
2024-06-18 12:34:14,5853.63,1206.65,4324.22,79.40
2024-06-18 12:34:19,5853.63,1216.10,4312.58,79.20
2024-06-18 12:34:24,5853.63,1216.27,4314.60,79.20
2024-06-18 12:34:29,5853.63,1220.34,4307.46,79.20
2024-06-18 12:34:34,5853.63,1220.20,4307.61,79.20
2024-06-18 12:34:39,5853.63,1220.40,4307.41,79.20
2024-06-18 12:34:44,5853.63,1220.34,4307.46,79.20
2024-06-18 12:34:49,5853.63,1218.00,4309.80,79.20
2024-06-18 12:34:54,5853.63,1220.57,4310.27,79.10
2024-06-18 12:34:59,5853.63,1219.01,4308.80,79.20
2024-06-18 12:35:04,5853.63,1219.54,4311.30,79.20
2024-06-18 12:35:09,5853.63,1215.49,4312.31,79.20
2024-06-18 12:35:14,5853.63,1214.46,4313.35,79.30
2024-06-18 12:35:19,5853.63,1219.02,4308.79,79.20
2024-06-18 12:35:24,5853.63,1218.41,4308.45,79.20
2024-06-18 12:35:29,5853.63,1215.80,4311.01,79.20
2024-06-18 12:35:34,5853.63,1214.75,4313.94,79.20
2024-06-18 12:35:39,5853.63,1219.19,4311.68,79.20
2024-06-18 12:35:44,5853.63,1205.36,4322.45,79.40
2024-06-18 12:35:49,5853.63,1201.50,4325.11,79.50
2024-06-18 12:35:54,5853.63,1199.48,4325.32,79.50
2024-06-18 12:35:59,5853.63,1192.92,4327.88,79.60
2024-06-18 12:36:04,5853.63,1174.21,4338.52,79.90
2024-06-18 12:36:09,5853.63,1171.73,4341.07,80.00
2024-06-18 12:36:14,5853.63,1175.30,4337.51,79.90
2024-06-18 12:36:19,5853.63,1172.69,4340.04,80.00
2024-06-18 12:36:24,5853.63,1176.90,4335.70,79.90
2024-06-18 12:36:29,5853.63,1189.57,4341.29,79.70
2024-06-18 12:36:34,5853.63,1185.97,4342.70,79.70
2024-06-18 12:36:39,5853.63,1188.28,4342.40,79.70
2024-06-18 12:36:44,5853.63,1206.66,4322.01,79.40
2024-06-18 12:36:49,5853.63,1207.31,4321.18,79.40
2024-06-18 12:36:54,5853.63,1205.17,4322.88,79.40
2024-06-18 12:36:59,5853.63,1210.16,4318.07,79.30
2024-06-18 12:37:04,5853.63,1200.91,4327.40,79.50
2024-06-18 12:37:09,5853.63,1198.34,4329.46,79.50
2024-06-18 12:37:14,5853.63,1207.84,4320.71,79.40
2024-06-18 12:37:19,5853.63,1204.93,4323.55,79.40
2024-06-18 12:37:24,5853.63,1216.68,4311.69,79.20
2024-06-18 12:37:29,5853.63,1211.93,4316.75,79.30
2024-06-18 12:37:34,5853.63,1198.76,4329.91,79.50
2024-06-18 12:37:39,5853.63,1186.58,4342.10,79.70
2024-06-18 12:37:44,5853.63,1214.55,4316.30,79.30
2024-06-18 12:37:49,5853.63,1219.01,4311.84,79.20
2024-06-18 12:37:54,5853.63,1219.25,4311.61,79.20
2024-06-18 12:37:59,5853.63,1218.61,4309.19,79.20
2024-06-18 12:38:04,5853.63,1218.31,4309.48,79.20
2024-06-18 12:38:09,5853.63,1224.06,4303.74,79.10
2024-06-18 12:38:14,5853.63,1217.25,4310.55,79.20
2024-06-18 12:38:19,5853.63,1210.06,4318.61,79.30
2024-06-18 12:38:24,5853.63,877.76,4554.00,85.00
2024-06-18 12:38:29,5853.63,857.29,4575.57,85.40
2024-06-18 12:38:34,5853.63,1155.51,4371.29,80.30
2024-06-18 12:38:39,5853.63,1148.92,4373.68,80.40
2024-06-18 12:38:44,5853.63,1143.29,4387.59,80.50
2024-06-18 12:38:49,5853.63,1141.91,4388.97,80.50
2024-06-18 12:38:54,5853.63,1140.47,4390.39,80.50
2024-06-18 12:38:59,5853.63,1127.16,4397.65,80.70
2024-06-18 12:39:04,5853.63,1124.18,4400.75,80.80
2024-06-18 12:39:09,5853.63,1121.44,4403.37,80.80
2024-06-18 12:39:14,5853.63,1124.84,4397.97,80.80
2024-06-18 12:39:19,5853.63,1118.93,4403.82,80.90
2024-06-18 12:39:24,5853.63,1123.25,4402.57,80.80
2024-06-18 12:39:29,5853.63,1128.47,4397.34,80.70
2024-06-18 12:39:34,5853.63,1121.84,4403.97,80.80
2024-06-18 12:39:39,5853.63,1122.18,4402.64,80.80
2024-06-18 12:39:44,5853.63,1118.61,4404.20,80.90
2024-06-18 12:39:49,5853.63,1122.08,4406.76,80.80
2024-06-18 12:39:54,5853.63,1119.67,4409.17,80.90
2024-06-18 12:39:59,5853.63,1119.31,4409.52,80.90
2024-06-18 12:40:04,5853.63,1116.73,4412.10,80.90
2024-06-18 12:40:09,5853.63,1115.73,4413.09,80.90
2024-06-18 12:40:14,5853.63,1115.64,4413.13,80.90
2024-06-18 12:40:19,5853.63,1117.08,4411.75,80.90
2024-06-18 12:40:24,5853.63,1116.35,4412.46,80.90
2024-06-18 12:40:29,5853.63,1116.57,4412.26,80.90
2024-06-18 12:40:34,5853.63,1116.70,4412.11,80.90
2024-06-18 12:40:39,5853.63,1116.94,4412.02,80.90
2024-06-18 12:40:44,5853.63,1116.00,4412.82,80.90
2024-06-18 12:40:49,5853.63,1116.07,4412.74,80.90
2024-06-18 12:40:54,5853.63,1126.04,4402.79,80.80
2024-06-18 12:40:59,5853.63,1125.61,4403.22,80.80
2024-06-18 12:41:04,5853.63,1125.43,4403.38,80.80
2024-06-18 12:41:09,5853.63,1125.53,4403.30,80.80
2024-06-18 12:41:14,5853.63,1125.58,4403.25,80.80
2024-06-18 12:41:19,5853.63,1128.86,4399.96,80.70
2024-06-18 12:41:24,5853.63,1128.70,4400.14,80.70
2024-06-18 12:41:29,5853.63,1128.74,4400.09,80.70
2024-06-18 12:41:34,5853.63,1128.57,4400.25,80.70
2024-06-18 12:41:39,5853.63,1118.37,4410.23,80.90
2024-06-18 12:41:44,5853.63,1132.11,4396.69,80.70
2024-06-18 12:41:49,5853.63,1161.75,4366.94,80.20
2024-06-18 12:41:54,5853.63,1150.04,4376.60,80.40
2024-06-18 12:41:59,5853.63,1153.47,4373.16,80.30
2024-06-18 12:42:04,5853.63,1149.82,4376.82,80.40
2024-06-18 12:42:09,5853.63,1138.10,4388.35,80.60
2024-06-18 12:42:14,5853.63,1142.02,4384.62,80.50
2024-06-18 12:42:19,5853.63,1137.19,4388.57,80.60
2024-06-18 12:42:24,5853.63,1137.96,4384.68,80.60
2024-06-18 12:42:29,5853.63,1130.33,4388.44,80.70
2024-06-18 12:42:34,5853.63,1127.54,4380.23,80.70
2024-06-18 12:42:39,5853.63,1143.72,4384.92,80.50
2024-06-18 12:42:44,5853.63,1142.90,4378.40,80.50
2024-06-18 12:42:49,5853.63,1143.24,4382.30,80.50
2024-06-18 12:42:54,5853.63,1146.80,4377.76,80.40
2024-06-18 12:42:59,5853.63,1147.11,4378.77,80.40
2024-06-18 12:43:04,5853.63,1149.04,4379.57,80.40
2024-06-18 12:43:09,5853.63,1149.62,4378.99,80.40
2024-06-18 12:43:14,5853.63,1144.66,4383.96,80.40
2024-06-18 12:43:19,5853.63,1147.29,4375.25,80.40
2024-06-18 12:43:24,5853.63,1128.61,4381.94,80.70
2024-06-18 12:43:29,5853.63,1146.84,4379.45,80.40
2024-06-18 12:43:34,5853.63,1146.41,4380.07,80.40
2024-06-18 12:43:39,5853.63,1142.11,4383.45,80.50
2024-06-18 12:43:44,5853.63,1129.05,4395.50,80.70
2024-06-18 12:43:49,5853.63,1125.19,4403.43,80.80
2024-06-18 12:43:54,5853.63,1119.87,4406.55,80.90
2024-06-18 12:43:59,5853.63,1114.93,4411.37,81.00
2024-06-18 12:44:04,5853.63,1113.49,4412.57,81.00
2024-06-18 12:44:09,5853.63,1106.37,4412.19,81.10
2024-06-18 12:44:14,5853.63,1101.33,4409.16,81.20
2024-06-18 12:44:19,5853.63,1099.16,4411.39,81.20
2024-06-18 12:44:24,5853.63,1096.58,4413.97,81.30
2024-06-18 12:44:29,5853.63,1087.16,4423.39,81.40
2024-06-18 12:44:34,5853.63,1114.07,4414.43,81.00
2024-06-18 12:44:39,5853.63,1109.66,4415.89,81.00
2024-06-18 12:44:44,5853.63,1108.30,4420.30,81.10
2024-06-18 12:44:49,5853.63,1133.77,4392.66,80.60
2024-06-18 12:44:54,5853.63,1138.92,4389.70,80.50
2024-06-18 12:44:59,5853.63,1138.39,4390.22,80.60
2024-06-18 12:45:04,5853.63,1138.19,4390.42,80.60
2024-06-18 12:45:09,5853.63,1138.24,4390.38,80.60
2024-06-18 12:45:14,5853.63,1138.08,4390.54,80.60
2024-06-18 12:45:19,5853.63,1137.68,4390.93,80.60
2024-06-18 12:45:24,5853.63,1137.72,4390.90,80.60
2024-06-18 12:45:29,5853.63,1137.77,4390.84,80.60
2024-06-18 12:45:34,5853.63,1137.81,4390.81,80.60
2024-06-18 12:45:39,5853.63,1137.86,4390.75,80.60
2024-06-18 12:45:44,5853.63,1137.93,4390.67,80.60
2024-06-18 12:45:49,5853.63,1138.02,4390.60,80.60
2024-06-18 12:45:54,5853.63,1138.31,4390.29,80.60
2024-06-18 12:45:59,5853.63,1138.26,4390.35,80.60
2024-06-18 12:46:04,5853.63,1138.18,4388.31,80.60
2024-06-18 12:46:09,5853.63,1138.48,4390.13,80.60
2024-06-18 12:46:14,5853.63,1138.20,4390.41,80.60
2024-06-18 12:46:19,5853.63,1137.76,4390.86,80.60
2024-06-18 12:46:24,5853.63,1133.69,4391.86,80.60
2024-06-18 12:46:29,5853.63,1133.69,4394.92,80.60
2024-06-18 12:46:34,5853.63,1133.74,4394.88,80.60
2024-06-18 12:46:39,5853.63,1133.79,4394.83,80.60
2024-06-18 12:46:44,5853.63,1133.60,4395.02,80.60
2024-06-18 12:46:49,5853.63,1131.46,4397.16,80.70
2024-06-18 12:46:54,5853.63,1131.51,4397.10,80.70
2024-06-18 12:46:59,5853.63,1131.34,4397.28,80.70
2024-06-18 12:47:04,5853.63,1131.38,4397.23,80.70
2024-06-18 12:47:09,5853.63,1131.33,4397.29,80.70
2024-06-18 12:47:14,5853.63,1131.54,4397.07,80.70
2024-06-18 12:47:19,5853.63,1131.59,4397.02,80.70
2024-06-18 12:47:24,5853.63,1131.64,4396.98,80.70
2024-06-18 12:47:29,5853.63,1131.67,4396.93,80.70
2024-06-18 12:47:34,5853.63,1131.72,4396.89,80.70
2024-06-18 12:47:39,5853.63,1131.77,4396.84,80.70
2024-06-18 12:47:44,5853.63,1132.63,4395.98,80.70
2024-06-18 12:47:49,5853.63,1133.19,4395.43,80.60
2024-06-18 12:47:54,5853.63,1164.46,4364.15,80.10
2024-06-18 12:47:59,5853.63,1179.51,4349.11,79.80
2024-06-18 12:48:04,5853.63,1182.41,4346.21,79.80
2024-06-18 12:48:09,5853.63,1182.34,4346.27,79.80
2024-06-18 12:48:14,5853.63,1182.16,4346.45,79.80
2024-06-18 12:48:19,5853.63,1182.04,4346.58,79.80
2024-06-18 12:48:24,5853.63,1182.86,4345.76,79.80
2024-06-18 12:48:29,5853.63,1181.14,4347.47,79.80
2024-06-18 12:48:34,5853.63,1181.20,4347.42,79.80
2024-06-18 12:48:39,5853.63,1181.29,4347.32,79.80
2024-06-18 12:48:44,5853.63,1180.40,4348.20,79.80
2024-06-18 12:48:49,5853.63,1180.52,4348.09,79.80
2024-06-18 12:48:54,5853.63,1180.60,4348.02,79.80
2024-06-18 12:48:59,5853.63,1180.64,4347.98,79.80
2024-06-18 12:49:04,5853.63,1180.45,4348.17,79.80
2024-06-18 12:49:09,5853.63,1182.52,4346.11,79.80
2024-06-18 12:49:14,5853.63,1182.56,4346.05,79.80
2024-06-18 12:49:19,5853.63,1183.92,4344.69,79.80
2024-06-18 12:49:24,5853.63,1183.96,4344.66,79.80
2024-06-18 12:49:29,5853.63,1185.05,4343.57,79.80
2024-06-18 12:49:34,5853.63,1185.45,4343.16,79.70
2024-06-18 12:49:39,5853.63,1185.94,4342.66,79.70
2024-06-18 12:49:44,5853.63,1178.36,4350.26,79.90
2024-06-18 12:49:49,5853.63,1177.95,4350.66,79.90
2024-06-18 12:49:54,5853.63,1180.01,4348.60,79.80
2024-06-18 12:49:59,5853.63,1179.68,4348.93,79.80
2024-06-18 12:50:04,5853.63,1179.72,4352.89,79.80
2024-06-18 12:50:09,5853.63,1179.55,4353.05,79.80
2024-06-18 12:50:14,5853.63,1193.89,4338.73,79.60
2024-06-18 12:50:19,5853.63,1194.14,4338.48,79.60
2024-06-18 12:50:24,5853.63,1193.59,4339.01,79.60
2024-06-18 12:50:29,5853.63,1193.16,4339.46,79.60
2024-06-18 12:50:34,5853.63,1192.71,4339.91,79.60
2024-06-18 12:50:39,5853.63,1192.74,4339.86,79.60
2024-06-18 12:50:44,5853.63,1177.92,4352.50,79.90
2024-06-18 12:50:49,5853.63,1170.95,4359.48,80.00
2024-06-18 12:50:54,5853.63,1150.42,4371.94,80.30
2024-06-18 12:50:59,5853.63,1151.57,4369.20,80.30
2024-06-18 12:51:04,5853.63,1156.08,4358.97,80.30
2024-06-18 12:51:09,5853.63,1158.48,4364.09,80.20
2024-06-18 12:51:14,5853.63,1148.30,4374.12,80.40
2024-06-18 12:51:19,5853.63,1160.92,4361.50,80.20
2024-06-18 12:51:24,5853.63,1159.55,4362.75,80.20
2024-06-18 12:51:29,5853.63,1153.42,4368.13,80.30
2024-06-18 12:51:34,5853.63,1153.89,4370.71,80.30
2024-06-18 12:51:39,5853.63,1156.28,4368.34,80.20
2024-06-18 12:51:44,5853.63,1156.06,4368.54,80.30
2024-06-18 12:51:49,5853.63,1156.79,4367.83,80.20
2024-06-18 12:51:54,5853.63,1156.63,4371.98,80.20
2024-06-18 12:51:59,5853.63,1157.12,4371.49,80.20
2024-06-18 12:52:04,5853.63,1157.23,4371.38,80.20
2024-06-18 12:52:09,5853.63,1157.41,4371.21,80.20
2024-06-18 12:52:14,5853.63,1157.37,4371.25,80.20
2024-06-18 12:52:19,5853.63,1157.42,4371.19,80.20
2024-06-18 12:52:24,5853.63,1159.73,4368.88,80.20
2024-06-18 12:52:29,5853.63,1161.06,4367.55,80.20
2024-06-18 12:52:34,5853.63,1161.11,4367.52,80.20
2024-06-18 12:52:39,5853.63,1162.89,4365.73,80.10
2024-06-18 12:52:44,5853.63,1163.60,4365.00,80.10
2024-06-18 12:52:49,5853.63,1164.44,4361.12,80.10
2024-06-18 12:52:54,5853.63,1164.38,4364.23,80.10
2024-06-18 12:52:59,5853.63,1164.11,4364.52,80.10
2024-06-18 12:53:04,5853.63,1164.64,4363.97,80.10
2024-06-18 12:53:09,5853.63,1164.91,4363.68,80.10
2024-06-18 12:53:14,5853.63,1165.01,4363.61,80.10
2024-06-18 12:53:19,5853.63,1165.09,4363.39,80.10
2024-06-18 12:53:24,5853.63,1165.05,4363.56,80.10
2024-06-18 12:53:29,5853.63,1166.90,4361.65,80.10
2024-06-18 12:53:34,5853.63,1167.64,4360.85,80.10
2024-06-18 12:53:39,5853.63,1153.57,4373.01,80.30
2024-06-18 12:53:44,5853.63,1138.13,4385.43,80.60
2024-06-18 12:53:49,5853.63,1140.25,4386.23,80.50
2024-06-18 12:53:54,5853.63,1142.08,4384.43,80.50
2024-06-18 12:53:59,5853.63,1144.64,4383.98,80.40
2024-06-18 12:54:04,5853.63,1144.29,4382.14,80.50
2024-06-18 12:54:09,5853.63,1133.89,4391.66,80.60
2024-06-18 12:54:14,5853.63,1141.18,4385.23,80.50
2024-06-18 12:54:19,5853.63,1129.18,4397.25,80.70
2024-06-18 12:54:24,5853.63,1125.74,4400.68,80.80
2024-06-18 12:54:29,5853.63,1133.57,4392.73,80.60
2024-06-18 12:54:34,5853.63,1129.93,4395.48,80.70
2024-06-18 12:54:39,5853.63,1128.82,4395.74,80.70
2024-06-18 12:54:44,5853.63,1125.97,4396.59,80.80
2024-06-18 12:54:49,5853.63,1121.78,4396.77,80.80
2024-06-18 12:54:54,5853.63,1121.91,4396.65,80.80
2024-06-18 12:54:59,5853.63,1143.15,4382.37,80.50
2024-06-18 12:55:04,5853.63,1146.80,4375.68,80.40
2024-06-18 12:55:09,5853.63,1143.96,4380.59,80.50
2024-06-18 12:55:14,5853.63,1147.76,4376.80,80.40
2024-06-18 12:55:19,5853.63,1149.78,4374.78,80.40
2024-06-18 12:55:24,5853.63,1151.68,4370.87,80.30
2024-06-18 12:55:29,5853.63,1147.52,4371.10,80.40
2024-06-18 12:55:34,5853.63,1141.59,4376.91,80.50
2024-06-18 12:55:39,5853.63,1121.91,4388.64,80.80
2024-06-18 12:55:44,5853.63,1112.20,4398.36,81.00
2024-06-18 12:55:49,5853.63,1110.52,4400.04,81.00
2024-06-18 12:55:54,5853.63,1112.00,4396.61,81.00
2024-06-18 12:55:59,5853.63,1107.22,4403.33,81.10
2024-06-18 12:56:04,5853.63,1140.35,4388.25,80.50
2024-06-18 12:56:09,5853.63,1134.95,4389.61,80.60
2024-06-18 12:56:14,5853.63,1144.18,4378.32,80.50
2024-06-18 12:56:19,5853.63,1134.67,4387.88,80.60
2024-06-18 12:56:24,5853.63,1132.86,4385.70,80.60
2024-06-18 12:56:29,5853.63,1139.64,4388.98,80.50
2024-06-18 12:56:34,5853.63,1140.22,4388.39,80.50
2024-06-18 12:56:39,5853.63,1144.55,4381.00,80.40
2024-06-18 12:56:44,5853.63,1144.29,4381.25,80.50
2024-06-18 12:56:49,5853.63,1141.12,4381.44,80.50
2024-06-18 12:56:54,5853.63,1139.29,4389.33,80.50
2024-06-18 12:56:59,5853.63,1141.11,4387.50,80.50
2024-06-18 12:57:04,5853.63,1138.47,4387.09,80.60
2024-06-18 12:57:09,5853.63,1137.19,4388.37,80.60
2024-06-18 12:57:14,5853.63,1088.54,4433.81,81.40
2024-06-18 12:57:19,5853.63,1130.20,4392.17,80.70
2024-06-18 12:57:24,5853.63,1130.10,4398.32,80.70
2024-06-18 12:57:29,5853.63,1140.14,4385.22,80.50
2024-06-18 12:57:34,5853.63,1142.87,4381.49,80.50
2024-06-18 12:57:39,5853.63,1142.87,4385.55,80.50
2024-06-18 12:57:44,5853.63,1148.27,4380.16,80.40
2024-06-18 12:57:49,5853.63,1147.91,4380.52,80.40
2024-06-18 12:57:54,5853.63,1147.75,4380.68,80.40
2024-06-18 12:57:59,5853.63,1143.72,4380.70,80.50
2024-06-18 12:58:04,5853.63,1133.96,4394.36,80.60
2024-06-18 12:58:09,5853.63,1135.16,4393.27,80.60
2024-06-18 12:58:14,5853.63,1133.37,4395.04,80.60
2024-06-18 12:58:19,5853.63,1133.66,4394.77,80.60
2024-06-18 12:58:24,5853.63,1134.33,4394.00,80.60
2024-06-18 12:58:29,5853.63,1128.11,4393.05,80.70
2024-06-18 12:58:34,5853.63,1129.36,4395.90,80.70
2024-06-18 12:58:39,5853.63,1117.27,4408.86,80.90
2024-06-18 12:58:44,5853.63,1104.63,4421.12,81.10
2024-06-18 12:58:49,5853.63,1105.70,4420.44,81.10
2024-06-18 12:58:54,5853.63,1105.66,4417.47,81.10
2024-06-18 12:58:59,5853.63,1111.89,4416.43,81.00
2024-06-18 12:59:04,5853.63,1109.62,4418.69,81.00
2024-06-18 12:59:09,5853.63,1109.21,4412.55,81.10
2024-06-18 12:59:14,5853.63,1097.18,4428.72,81.30
2024-06-18 12:59:19,5853.63,1103.43,4422.58,81.10
2024-06-18 12:59:24,5853.63,1112.14,4413.64,81.00
2024-06-18 12:59:29,5853.63,1113.43,4412.22,81.00
2024-06-18 12:59:34,5853.63,1115.11,4409.81,81.00
2024-06-18 12:59:39,5853.63,1114.58,4409.34,81.00
2024-06-18 12:59:44,5853.63,1114.13,4413.84,81.00
2024-06-18 12:59:49,5853.63,1110.97,4417.00,81.00
2024-06-18 12:59:54,5853.63,1111.92,4415.93,81.00
2024-06-18 12:59:59,5853.63,1101.47,4424.14,81.20
2024-06-18 13:00:04,5853.63,1110.62,4414.28,81.00
2024-06-18 13:00:09,5853.63,1100.04,4419.82,81.20
2024-06-18 13:00:14,5853.63,1090.41,4437.57,81.40
2024-06-18 13:00:19,5853.63,1090.25,4437.73,81.40
2024-06-18 13:00:24,5853.63,1097.38,4430.60,81.30
2024-06-18 13:00:29,5853.63,1097.71,4430.14,81.20
2024-06-18 13:00:34,5853.63,1087.53,4437.39,81.40
2024-06-18 13:00:39,5853.63,1097.29,4426.62,81.30
2024-06-18 13:00:44,5853.63,1092.86,4429.06,81.30
2024-06-18 13:00:49,5853.63,1076.66,4433.26,81.60
2024-06-18 13:00:54,5853.63,1084.92,4424.93,81.50
2024-06-18 13:00:59,5853.63,1081.39,4428.51,81.50
2024-06-18 13:01:04,5853.63,1095.81,4429.10,81.30
2024-06-18 13:01:09,5853.63,1093.62,4430.29,81.30
2024-06-18 13:01:14,5853.63,1095.19,4426.72,81.30
2024-06-18 13:01:19,5853.63,1078.83,4431.09,81.60
2024-06-18 13:01:24,5853.63,1101.60,4423.31,81.20
2024-06-18 13:01:29,5853.63,1090.67,4434.24,81.40
2024-06-18 13:01:34,5853.63,1094.26,4431.59,81.30
2024-06-18 13:01:39,5853.63,1103.39,4424.44,81.20
2024-06-18 13:01:44,5853.63,1106.89,4415.85,81.10
2024-06-18 13:01:49,5853.63,1104.20,4421.61,81.10
2024-06-18 13:01:54,5853.63,1103.37,4422.37,81.20
2024-06-18 13:01:59,5853.63,1101.45,4426.48,81.20
2024-06-18 13:02:04,5853.63,1088.34,4439.60,81.40
2024-06-18 13:02:09,5853.63,1067.69,4460.24,81.80
2024-06-18 13:02:14,5853.63,1065.44,4462.46,81.80
2024-06-18 13:02:19,5853.63,1050.77,4470.97,82.00
2024-06-18 13:02:24,5853.63,1050.39,4471.44,82.10
2024-06-18 13:02:29,5853.63,1031.86,4482.08,82.40
2024-06-18 13:02:34,5853.63,994.13,4496.10,83.00
2024-06-18 13:02:39,5853.63,1005.68,4487.55,82.80
2024-06-18 13:02:44,5853.63,1009.79,4486.50,82.70
2024-06-18 13:02:49,5853.63,1017.03,4476.20,82.60
2024-06-18 13:02:54,5853.63,1026.55,4468.62,82.50
2024-06-18 13:02:59,5853.63,1028.27,4471.92,82.40
2024-06-18 13:03:04,5853.63,1014.35,4485.95,82.70
2024-06-18 13:03:09,5853.63,1009.97,4490.32,82.70
2024-06-18 13:03:14,5853.63,1011.06,4489.18,82.70
2024-06-18 13:03:19,5853.63,1009.50,4490.79,82.80
2024-06-18 13:03:24,5853.63,1010.07,4490.23,82.70
2024-06-18 13:03:29,5853.63,1005.25,4495.05,82.80
2024-06-18 13:03:34,5853.63,1025.05,4479.26,82.50
2024-06-18 13:03:39,5853.63,1024.16,4480.15,82.50
2024-06-18 13:03:44,5853.63,1018.44,4485.92,82.60
2024-06-18 13:03:49,5853.63,1018.41,4485.95,82.60
2024-06-18 13:03:54,5853.63,1016.89,4487.47,82.60
2024-06-18 13:03:59,5853.63,1016.35,4487.90,82.60
2024-06-18 13:04:04,5853.63,1012.43,4485.75,82.70
2024-06-18 13:04:09,5853.63,1005.35,4495.83,82.80
2024-06-18 13:04:14,5853.63,991.82,4506.21,83.10
2024-06-18 13:04:19,5853.63,990.59,4511.52,83.10
2024-06-18 13:04:24,5853.63,986.50,4514.68,83.10
2024-06-18 13:04:29,5853.63,990.29,4510.89,83.10
2024-06-18 13:04:34,5853.63,991.17,4510.01,83.10
2024-06-18 13:04:39,5853.63,993.73,4508.38,83.00
2024-06-18 13:04:44,5853.63,994.50,4507.55,83.00
2024-06-18 13:04:49,5853.63,995.42,4506.13,83.00
2024-06-18 13:04:54,5853.63,989.43,4511.98,83.10
2024-06-18 13:04:59,5853.63,984.45,4516.23,83.20
2024-06-18 13:05:04,5853.63,983.13,4517.55,83.20
2024-06-18 13:05:09,5853.63,978.71,4521.04,83.30
2024-06-18 13:05:14,5853.63,978.16,4521.39,83.30
2024-06-18 13:05:19,5853.63,977.80,4521.74,83.30
2024-06-18 13:05:24,5853.63,979.66,4520.89,83.30
2024-06-18 13:05:29,5853.63,984.32,4516.36,83.20
2024-06-18 13:05:34,5853.63,981.65,4518.16,83.20
2024-06-18 13:05:39,5853.63,982.62,4515.00,83.20
2024-06-18 13:05:44,5853.63,976.38,4524.36,83.30
2024-06-18 13:05:49,5853.63,980.33,4523.39,83.30
2024-06-18 13:05:54,5853.63,983.30,4520.40,83.20
2024-06-18 13:05:59,5853.63,983.34,4520.37,83.20
2024-06-18 13:06:04,5853.63,983.58,4520.26,83.20
2024-06-18 13:06:09,5853.63,983.17,4520.67,83.20
2024-06-18 13:06:14,5853.63,983.00,4520.84,83.20
2024-06-18 13:06:19,5853.63,983.05,4520.78,83.20
2024-06-18 13:06:24,5853.63,983.28,4520.56,83.20
2024-06-18 13:06:29,5853.63,983.33,4520.51,83.20
2024-06-18 13:06:34,5853.63,1000.79,4517.74,82.90
2024-06-18 13:06:39,5853.63,1004.55,4513.98,82.80
2024-06-18 13:06:44,5853.63,1004.42,4514.09,82.80
2024-06-18 13:06:49,5853.63,1004.52,4514.00,82.80
2024-06-18 13:06:54,5853.63,1004.58,4513.94,82.80
2024-06-18 13:06:59,5853.63,1004.66,4513.86,82.80
2024-06-18 13:07:04,5853.63,1004.03,4514.39,82.80
2024-06-18 13:07:09,5853.63,1003.10,4515.36,82.90
2024-06-18 13:07:14,5853.63,997.20,4519.62,83.00
2024-06-18 13:07:19,5853.63,1024.19,4492.65,82.50
2024-06-18 13:07:24,5853.63,1055.18,4461.52,82.00
2024-06-18 13:07:29,5853.63,1052.18,4464.66,82.00
2024-06-18 13:07:34,5853.63,1050.34,4466.43,82.10
2024-06-18 13:07:39,5853.63,1059.38,4457.38,81.90
2024-06-18 13:07:44,5853.63,1059.43,4457.39,81.90
2024-06-18 13:07:49,5853.63,1057.27,4459.57,81.90
2024-06-18 13:07:54,5853.63,1064.88,4451.95,81.80
2024-06-18 13:07:59,5853.63,1071.50,4445.34,81.70
2024-06-18 13:08:04,5853.63,1065.02,4451.70,81.80
2024-06-18 13:08:09,5853.63,1062.70,4453.90,81.80
2024-06-18 13:08:14,5853.63,1061.12,4455.70,81.90
2024-06-18 13:08:19,5853.63,1059.82,4456.92,81.90
2024-06-18 13:08:24,5853.63,1057.80,4458.90,81.90
2024-06-18 13:08:29,5853.63,1057.68,4459.12,81.90
2024-06-18 13:08:34,5853.63,1054.92,4459.27,82.00
2024-06-18 13:08:39,5853.63,1049.29,4459.88,82.10
2024-06-18 13:08:44,5853.63,1044.78,4463.58,82.20
2024-06-18 13:08:49,5853.63,1058.13,4456.58,81.90
2024-06-18 13:08:54,5853.63,1035.52,4473.96,82.30
2024-06-18 13:08:59,5853.63,1032.65,4476.83,82.40
2024-06-18 13:09:04,5853.63,1010.64,4498.42,82.70
2024-06-18 13:09:09,5853.63,1008.16,4496.23,82.80
2024-06-18 13:09:14,5853.63,999.41,4505.00,82.90
2024-06-18 13:09:19,5853.63,999.45,4504.96,82.90
2024-06-18 13:09:24,5853.63,996.04,4508.15,83.00
2024-06-18 13:09:29,5853.63,995.73,4508.46,83.00
2024-06-18 13:09:34,5853.63,994.66,4506.51,83.00
2024-06-18 13:09:39,5853.63,994.97,4509.24,83.00
2024-06-18 13:09:44,5853.63,994.33,4509.87,83.00
2024-06-18 13:09:49,5853.63,992.20,4512.00,83.00
2024-06-18 13:09:54,5853.63,992.23,4511.95,83.00
2024-06-18 13:09:59,5853.63,992.08,4512.12,83.10
2024-06-18 13:10:04,5853.63,975.79,4528.13,83.30
2024-06-18 13:10:09,5853.63,971.61,4532.47,83.40
2024-06-18 13:10:14,5853.63,984.73,4513.13,83.20
2024-06-18 13:10:19,5853.63,965.83,4533.73,83.50
2024-06-18 13:10:24,5853.63,983.09,4515.03,83.20
2024-06-18 13:10:29,5853.63,987.42,4516.75,83.10
2024-06-18 13:10:34,5853.63,986.69,4517.46,83.10
2024-06-18 13:10:39,5853.63,965.78,4526.55,83.50
2024-06-18 13:10:44,5853.63,951.88,4541.72,83.70
2024-06-18 13:10:49,5853.63,948.25,4545.35,83.80
2024-06-18 13:10:54,5853.63,1001.46,4495.96,82.90
2024-06-18 13:10:59,5853.63,955.07,4542.51,83.70
2024-06-18 13:11:04,5853.63,955.82,4541.86,83.70
2024-06-18 13:11:09,5853.63,957.13,4540.52,83.60
2024-06-18 13:11:14,5853.63,954.75,4542.86,83.70
2024-06-18 13:11:19,5853.63,958.59,4539.04,83.60
2024-06-18 13:11:24,5853.63,953.34,4544.28,83.70
2024-06-18 13:11:29,5853.63,959.99,4537.59,83.60
2024-06-18 13:11:34,5853.63,959.96,4537.61,83.60
2024-06-18 13:11:39,5853.63,963.72,4533.84,83.50
2024-06-18 13:11:44,5853.63,959.55,4538.00,83.60
2024-06-18 13:11:49,5853.63,959.50,4538.07,83.60
2024-06-18 13:11:54,5853.63,958.21,4539.34,83.60
2024-06-18 13:11:59,5853.63,952.68,4544.73,83.70
2024-06-18 13:12:04,5853.63,954.03,4543.38,83.70
2024-06-18 13:12:09,5853.63,942.78,4554.36,83.90
2024-06-18 13:12:14,5853.63,935.52,4561.94,84.00
2024-06-18 13:12:19,5853.63,933.37,4560.10,84.10
2024-06-18 13:12:24,5853.63,914.95,4578.15,84.40
2024-06-18 13:12:29,5853.63,922.83,4570.45,84.20
2024-06-18 13:12:34,5853.63,937.56,4554.34,84.00
2024-06-18 13:12:39,5853.63,855.55,4641.63,85.40
2024-06-18 13:12:44,5853.63,813.40,4671.60,86.10
2024-06-18 13:12:49,5853.63,805.77,4675.17,86.20
2024-06-18 13:12:54,5853.63,734.26,4730.39,87.50
2024-06-18 13:12:59,5853.63,700.78,4775.58,88.00
2024-06-18 13:13:04,5853.63,703.04,4781.23,88.00
2024-06-18 13:13:09,5853.63,782.96,4696.15,86.60
2024-06-18 13:13:14,5853.63,778.68,4700.52,86.70
2024-06-18 13:13:19,5853.63,793.35,4685.73,86.40
2024-06-18 13:13:24,5853.63,798.04,4683.22,86.40
2024-06-18 13:13:29,5853.63,817.26,4663.98,86.00
2024-06-18 13:13:34,5853.63,816.59,4664.65,86.00
2024-06-18 13:13:39,5853.63,816.83,4664.39,86.00
2024-06-18 13:13:44,5853.63,814.94,4674.48,86.10
2024-06-18 13:13:49,5853.63,823.26,4659.06,85.90
2024-06-18 13:13:54,5853.63,815.14,4665.77,86.10
2024-06-18 13:13:59,5853.63,813.48,4674.04,86.10
2024-06-18 13:14:04,5853.63,805.86,4680.54,86.20
2024-06-18 13:14:09,5853.63,804.73,4681.67,86.30
2024-06-18 13:14:14,5853.63,817.74,4670.79,86.00
2024-06-18 13:14:19,5853.63,820.04,4677.54,86.00
2024-06-18 13:14:24,5853.63,821.98,4675.61,86.00
2024-06-18 13:14:29,5853.63,819.68,4677.91,86.00
2024-06-18 13:14:34,5853.63,811.61,4685.99,86.10
2024-06-18 13:14:39,5853.63,810.46,4687.12,86.20
2024-06-18 13:14:44,5853.63,808.02,4689.57,86.20
2024-06-18 13:14:49,5853.63,808.38,4689.21,86.20
2024-06-18 13:14:54,5853.63,806.68,4690.91,86.20
2024-06-18 13:14:59,5853.63,807.45,4690.14,86.20
2024-06-18 13:15:04,5853.63,807.73,4687.93,86.20
2024-06-18 13:15:09,5853.63,804.53,4692.98,86.30
2024-06-18 13:15:14,5853.63,805.72,4691.70,86.20
2024-06-18 13:15:19,5853.63,807.69,4689.82,86.20
2024-06-18 13:15:24,5853.63,792.00,4705.38,86.50
2024-06-18 13:15:29,5853.63,788.11,4707.98,86.50
2024-06-18 13:15:34,5853.63,776.42,4719.68,86.70
2024-06-18 13:15:39,5853.63,766.95,4729.14,86.90
2024-06-18 13:15:44,5853.63,757.76,4737.95,87.10
2024-06-18 13:15:49,5853.63,749.39,4746.93,87.20
2024-06-18 13:15:54,5853.63,738.38,4757.94,87.40
2024-06-18 13:15:59,5853.63,734.27,4758.83,87.50
2024-06-18 13:16:04,5853.63,748.17,4750.23,87.20
2024-06-18 13:16:09,5853.63,748.85,4749.55,87.20
2024-06-18 13:16:14,5853.63,754.78,4743.64,87.10
2024-06-18 13:16:19,5853.63,753.18,4745.22,87.10
2024-06-18 13:16:24,5853.63,749.40,4749.02,87.20
